probono_id,id,organization_name,location,censusregion,fiscal_year,gross_revenue,amlaw_rank,total_hours,num_attorneys,num_attorneys_over_20_hrs,avg_hrs_per_lawyer,percent_lawyers_over_20_hrs,percent_attorneys_in_us,amlaw200_rank,num_of_lawyers,num_eq_partners,num_non_eq_partners,total_partners,rpl,rank_by_rpl,net_operating_income,ppp,cap,comp_non_eq_partners,api,vpl,lawyers_10m,vpl_last_year,lawyers_10m_last_year,leverage,profit_margin,total_attorneys,total_female_attorneys,female_associates,female_partners,total_minority_attorneys,minority_percentage,asian_american_associates,asian_american_partners,african_american_associates,african_american_partners,hispanic_associates,hispanic_partners,native_american_associates,native_american_partners,us_attorneys,non_us_attorneys,minority_perc_partners,other_partners,other_nonpartners,sqrt_hour,south,midwest,west,percent_female_partner,percent_female_assoc,percent_minority_associates,lngross,sqrt_femalepartner,lnppp,lntotalattorneys,lnrpl,lnincome,nyc,coordinator,num_locations,coordinator1yes,coordinatortime,fulltimeprobono,committee,meet,policy1yes,billablecredit1yes,caponbillable1yes,howmanyhours,bonus1yes,comments,lnsize,prchngrev,percentfemale,percentminority,percentassociate,amlaw100,networkdata,northeast
114257,1,Adams and Reese,New Orleans,South,2005,97000000,194,783,263,13,3,5,100,194,263,101,54,155,370000,196,33500000,335000,275000,9000000,0.910000026,160000,62.5,,,2.609999895,35,300,78,46,32,21,7,3,1,11,1,3,1,,,300,0,2,0,1,1.732050776,1,0,0,0.106666669,0.153333336,0.056666669,18.39022064,0.326598644,12.72188568,5.572154045,12.82125854,17.32705688,0,,8,0,na,,1,Quarterly,1,1,1,20,1,,5.572154045,10.22727,29.65779686,7.984790802,41.06463623,0,1,0
114250,3,Akerman Senterfitt,Miami,South,2005,180000000,117,3347,410,42,8,10,100,117,410,171,35,206,440000,182,73000000,425000,385000,6500000,0.970000029,195000,51.27999878,,,2.400000095,41,400,123,78,45,58,15,3,0,10,2,22,20,,,400,0,11,0,1,2.828427076,1,0,0,0.112499997,0.194999993,0.087499999,19.00846672,0.335410178,12.95984459,6.01615715,12.99452972,18.10597038,0,,,,,,,,,,,,,,6.01615715,8.10811,30.00000191,14.14634132,49.75609589,0,0,0
114278,4,Akin Gump,Dallas,South,2005,618000000,1,42485,794,333,56,44,95,24,794,197,106,303,780000,42,190000000,965000,800000,52500000,1.24000001,305000,32.79000092,,,4.03000021,31,937,315,260,55,127,14,45,6,30,12,22,9,,,901,36,9,1,2,7.483314991,1,0,0,0.058697972,0.277481318,0.103521876,20.24199867,0.242276639,13.77988338,6.677083492,13.56704903,19.06253433,0,,15,1,.,0,1,Monthly,1,1,0,,1,,6.677083492,0.98039,39.67254639,15.99496174,61.83879471,1,1,0
114131,8,Alston & Bird,Atlanta,South,2005,395000000,1,41582,661,381,63,58,100,57,661,148,143,291,595000,107,120000000,810000,580000,49000000,1.360000014,255000,39.22000122,,,4.460000038,30,693,212,167,45,74,11,15,4,30,8,11,3,,,693,0,5,0,3,7.937253952,1,0,0,0.064935066,0.240981236,0.080808081,19.79439545,0.254823595,13.60478973,6.49375391,13.2963171,18.60300255,0,,5,1,50,0,1,Monthly,1,1,1,50,1,,6.49375391,-1.74129,32.07262039,11.19515896,55.97579575,1,1,0
114241,11,Andrews Kurth,Houston,South,2005,225000000,1,5800,374,41,16,11,99,95,374,141,37,178,600000,101,99500000,705000,610000,9000000,1.179999948,290000,34.47999954,,,2.650000095,44,417,109,81,28,42,10,18,1,8,2,3,8,,,416,1,7,0,2,4,1,0,0,0.067146286,0.194244608,0.069544367,19.23161125,0.259126008,13.46595287,5.924255848,13.30468464,18.41566849,0,,8,1,10,0,1,As Needed,0,1,0,,1,ambiguous evaluation of assoc. and of counsel are taken into account,5.924255848,3.68664,29.14438629,11.22994614,52.40641785,1,1,0
114275,12,Arent Fox,Washington D.C.,Northeast,2005,153000000,137,14800,260,131,57,50,100,137,260,85,38,123,590000,113,55500000,650000,540000,11000000,1.100000024,255000,39.22000122,,,3.059999943,36,274,91,64,27,27,10,12,1,6,1,6,1,,,274,0,2,0,0,7.549834251,0,0,0,0.09854015,0.23357664,0.087591238,18.84594917,0.313911051,13.38472748,5.56068182,13.28787804,17.83189392,0,,2,0,.,,1,Monthly,1,1,,,1,,5.56068182,7.74648,35,10.3846159,52.69230652,0,1,1
114109,15,Arnold & Porter,Washington D.C.,Northeast,2005,465500000,1,60022,571,359,111,67,95,46,571,232,0,232,815000,33,193500000,835000,835000,0,1.019999981,340000,29.40999985,,,2.460000038,42,619,213,170,43,77,13,31,6,17,5,16,1,,,587,32,5,0,1,10.53565407,0,0,0,0.069466881,0.274636507,0.103392571,19.95862198,0.263565719,13.63518715,6.347389221,13.61094379,19.08078766,0,,8,1,100,1,1,Periodic basis,1,1,0,,1,,6.347389221,2.53304,37.30297852,13.4851141,59.36952972,1,1,1
114248,18,Baker and Daniels,Indianapolis,Midwest,2005,116500000,176,2656,266,37,10,14,98,176,266,116,26,142,440000,182,44500000,385000,370000,8000000,0.879999995,200000,50,,,2.289999962,38,310,87,66,21,18,6,5,2,10,1,0,0,,,310,0,2,0,0,3.162277699,0,1,0,0.067741938,0.212903231,0.048387095,18.5734024,0.260272801,12.86099815,5.583496094,12.99452972,17.61100006,0,,7,1,20,0,1,Quarterly,1,0,,,1,required investment time goal,5.583496094,10.42654,32.70676804,6.766917706,46.61654282,0,1,0
114211,19,Baker & Hostetler,Cleveland,Midwest,2005,284000000,1,15604,605,135,26,22,100,73,605,153,150,303,470000,168,81500000,535000,445000,53000000,1.139999986,220000,45.45000076,,,3.950000048,29,611,198,137,61,72,12,18,4,16,11,14,7,,,611,0,7,0,2,5.099019527,0,1,0,0.099836335,0.224222586,0.078559741,19.46448517,0.315968871,13.19002247,6.405228615,13.06048775,18.21611404,0,,12,1,Varies?,0,1,As Needed,1,1,0,,1,,6.405228615,0,32.72727203,11.90082645,49.91735458,1,1,0
114186,20,Baker & McKenzie,Chicago,Midwest,2005,1352000000,1,19621,2984,148,40,30,16,3,2984,601,0,601,455000,176,456500000,760000,760000,0,1.669999957,155000,64.51999664,,,4.96999979,34,3309,1178,956,222,71,12,23,11,11,3,14,8,,,597,2712,8,0,1,6.324555397,0,1,0,0.067089759,0.288909048,0.014505893,21.02485085,0.259016901,13.5410738,8.001020432,13.02805233,19.93909836,0,,70,1,100,1,1,bimonthly,1,1,1,60,1,Has many global offices (might be small); the billable hour cap is not set in stone,8.001020432,10.09772,39.477211,2.379356623,79.85925293,1,1,0
114190,21,Baker Botts,Houston,South,2005,434500000,1,21430,624,197,36,33,95,52,624,227,25,252,695000,77,205500000,905000,860000,11500000,1.299999952,350000,28.56999969,,,2.75,47,675,175,140,35,63,10,19,2,8,7,23,3,,,639,36,5,0,1,6,1,0,0,0.05185185,0.2074074,0.074074075,19.88970566,0.227710009,13.71569061,6.436150551,13.45166683,19.14095688,0,,,,,,,,,,,,,,6.436150551,3.45238,28.04487038,10.09615326,59.61538696,1,0,0
114235,22,Baker Donelson,Memphis,South,2005,151000000,140,4977,397,70,13,18,100,140,397,126,66,192,380000,195,48000000,385000,320000,13000000,1.00999999,155000,64.51999664,,,3.170000076,32,422,134,94,40,30,7,4,0,16,7,2,1,,,422,0,4,0,0,3.605551243,1,0,0,0.094786733,0.222748816,0.0521327,18.83279037,0.307874531,12.86099815,5.98393631,12.84792614,17.68671227,0,,,,,,,,,,,,,,5.98393631,8.63309,33.75314713,7.556675434,51.63727951,0,0,0
114147,24,Ballard Spahr,Philadelphia,Northeast,2005,213500000,102,21944,418,195,53,47,100,102,418,165,25,190,510000,148,75000000,455000,430000,6500000,0.889999986,195000,51.27999878,,,2.539999962,35,452,167,128,39,36,8,9,0,16,3,8,0,,,452,0,2,0,0,7.280109882,0,0,0,0.086283185,0.28318584,0.07300885,19.17914772,0.293740004,13.02805233,6.035481453,13.14216614,18.13299942,0,,7,1,100,1,1,Periodic basis,1,1,0,,1,,6.035481453,6.75,39.95215225,8.612440109,54.54545593,0,1,1
114203,25,Barnes & Thornburg,Indianapolis,Midwest,2005,164000000,129,10500,391,120,27,31,100,129,391,153,28,181,420000,186,75000000,490000,450000,6500000,1.169999957,210000,47.61999893,,,2.559999943,46,396,86,62,24,26,7,9,2,8,4,3,0,,,396,0,3,0,0,5.19615221,0,1,0,0.060606062,0.156565651,0.05050505,18.91537666,0.246182993,13.10216045,5.968707561,12.94801044,18.13299942,0,,7,1,10,0,1,Quarterly,1,1,1,50,1,Coordinator's time is estimated by how much pro bono work he does; 200 hours of service + 25-50 hours admin,5.968707561,14.68531,21.99488449,6.649616241,53.70843887,0,1,0
114196,28,Bell Boyd,Chicago,Midwest,2005,114500000,180,5621,212,83,27,39,100,180,212,63,77,140,540000,138,39500000,625000,430000,20500000,1.159999967,285000,35.09000015,,,3.359999895,34,253,61,40,21,27,11,9,4,3,4,4,3,,,253,0,8,0,0,5.19615221,0,1,0,0.083003953,0.158102766,0.063241109,18.55608559,0.288104057,13.34550667,5.356586456,13.19932461,17.49181175,0,,,,,,,,,,,,,,5.356586456,7.00935,28.77358437,12.73584938,33.96226501,0,0,0
114122,31,Bingham McCutchen,Boston,Northeast,2005,593000000,1,60182,750,356,84,50,95,27,750,113,168,281,790000,39,138000000,1220000,780000,82000000,1.539999962,295000,33.90000153,,,6.639999866,23,843,351,286,65,142,18,71,17,24,5,18,5,,,795,48,8,0,2,9.165151596,0,0,0,0.077105574,0.339264542,0.134045079,20.20070457,0.277678907,14.01436138,6.620073318,13.57978821,18.74276352,0,,11,1,50,0,1,Monthly,1,1,0,,1,,6.620073318,4.86295,46.79999924,18.93333435,62.53333282,1,1,1
114229,33,Blackwell Sanders,Kansas City,Midwest,2005,103500000,183,3910,245,39,16,16,99,183,245,76,57,133,425000,185,32500000,430000,330000,11500000,1.00999999,180000,55.56000137,,,3.220000029,31,297,,,,12,4,4,0,5,1,2,0,,,297,0,1,0,0,4,0,1,0,,,0.037037037,18.45508194,,12.97154045,5.501258373,12.95984459,17.29675102,0,,,,,,,,,,,,,,5.501258373,12.5,,4.897959232,45.7142868,0,0,0
114291,36,Blank Rome,Philadelphia,Northeast,2005,266000000,1,13844,468,140,30,30,100,76,468,172,76,248,570000,122,98000000,570000,485000,22000000,1,255000,39.22000122,,,2.720000029,37,447,132,98,34,22,5,6,0,6,7,2,1,,,447,0,3,0,0,5.47722578,0,0,0,0.076062642,0.219239369,0.031319909,19.3990078,0.275794566,13.25339127,6.148468494,13.25339127,18.40047836,0,,10,1,75,0,1,bimonthly,1,1,1,50,1,,6.148468494,7.47475,28.20512962,4.700854778,47.00854874,1,1,1
114230,38,Bracewell & Giuliani,Houston,South,2005,172000000,121,4669,338,58,14,18,96,121,338,104,52,156,510000,148,62000000,595000,505000,17000000,1.169999957,235000,42.54999924,,,3.25,36,368,124,87,37,34,10,3,0,10,1,12,8,,,357,11,5,0,0,3.741657495,1,0,0,0.100543477,0.236413047,0.067934781,18.96300507,0.317085922,13.2963171,5.823045731,13.14216614,17.94264412,0,,,,,,,,,,,,,,5.823045731,-2.27273,36.68638992,10.05917168,53.84615707,0,0,0
114232,46,Brown Raysman,New York,Northeast,2005,126000000,166,3916,225,33,17,15,100,166,225,41,46,87,560000,126,29000000,720000,540000,17500000,1.289999962,210000,47.61999893,,,5.559999943,23,253,83,68,15,21,8,10,0,11,0,0,0,,,250,3,0,0,0,4.123105526,0,0,0,0.059288539,0.268774718,0.083003953,18.65179253,0.24349238,13.48700619,5.416100502,13.23569202,17.18280602,1,,,,,,,,,,,,,,5.416100502,15.59633,36.88888931,9.333333015,61.33333588,0,0,1
114204,48,Bryan Cave,St. Louis,Midwest,2005,398500000,1,18785,733,212,27,30,95,56,733,179,132,311,545000,137,109500000,615000,490000,43000000,1.129999995,210000,47.61999893,,,4.099999905,27,730,236,179,57,70,10,30,7,15,4,12,1,,,708,22,4,0,1,5.19615221,0,1,0,0.078082189,0.245205477,0.078082189,19.80321884,0.279431909,13.32937717,6.597145557,13.20854092,18.51143456,0,,13,0,na,,1,Quarterly,1,1,0,,1,,6.597145557,6.97987,32.19645309,9.549795151,57.57162476,1,1,0
114182,49,Buchanan Ingersoll,Pittsburgh,Northeast,2005,193500000,109,15036,385,126,39,33,100,109,385,98,57,155,505000,151,45000000,455000,395000,16000000,0.899999976,160000,62.5,,,3.930000067,23,404,120,87,33,50,12,14,2,16,2,11,5,,,404,0,5,0,0,6.244997978,0,0,0,0.081683166,0.21534653,0.101485148,19.08078766,0.285802662,13.02805233,5.953243256,13.13231373,17.62217331,0,,13,1,.,0,1,As Needed,1,1,1,100,,,5.953243256,26.47059,31.16883087,12.98701286,59.74025726,0,1,1
114294,52,Cadwalader,New York,Northeast,2005,483000000,1,11461,514,111,25,25,88,42,514,75,27,102,940000,16,191000000,2545000,2025000,15500000,2.710000038,400000,25,,,6.849999905,40,560,191,178,13,68,14,41,4,10,1,11,1,,,494,66,6,0,0,5,0,0,0,0.023214286,0.317857146,0.110714287,19.99552727,0.152362347,14.74964142,6.242223263,13.75363541,19.06778336,1,,5,1,100,1,1,daily communication but regular basis,1,1,0,,1,,6.242223263,16.10577,37.15953064,13.22957134,80.15563965,1,1,1
114288,53,Cahill Gordon,New York,Northeast,2005,229000000,1,8820,254,82,35,33,98,94,254,64,1,65,900000,20,146000000,2285000,2255000,500000,2.539999962,575000,17.38999939,,,3.970000029,64,,,,,,,,,,,,,,,,,,,,5.916079998,0,0,0,,,,19.24923325,,14.64187622,5.537334442,13.71014977,18.79911804,1,,3,1,ten-25,0,0,na,1,1,0,,1,,5.537334442,0.88106,,,74.40944672,1,1,1
114144,55,Carlton Fields,Tampa,South,2005,104000000,182,9647,208,116,46,56,100,182,208,92,42,134,500000,153,42000000,455000,375000,8500000,0.910000026,245000,40.81999969,,,2.25999999,40,229,70,40,31,35,15,4,0,7,2,13,8,,,229,0,8,1,0,6.782330036,1,0,0,0.135371178,0.174672484,0.104803495,18.45990181,0.367928237,13.02805233,5.337538242,13.12236309,17.55318069,0,,7,0,na,,1,Monthly,1,1,1,50,1,,5.337538242,11.22995,33.65384674,16.82692337,35.57692337,0,1,0
114145,56,Chadbourne & Parke,New York,Northeast,2005,229500000,1,15113,368,124,56,46,74,92,368,75,49,124,625000,97,72500000,965000,725000,17000000,1.539999962,245000,40.81999969,,,4.909999847,32,440,157,136,21,43,12,21,5,8,1,6,2,,,348,92,7,0,0,7.483314991,0,0,0,0.047727272,0.309090912,0.079545453,19.25141335,0.218465716,13.77988338,5.908082962,13.34550667,18.0990963,1,,11,1,100,1,1,bimonthly,1,1,1,100,1,,5.908082962,-4.77178,42.66304398,11.68478298,66.30435181,1,1,1
114231,57,Chapman and Cutler,Chicago,Midwest,2005,103000000,184,2202,187,38,12,20,100,184,187,75,31,106,550000,133,43500000,580000,480000,7000000,1.049999952,270000,37.04000092,,,2.49000001,42,199,56,34,22,18,9,7,2,3,3,2,1,,,199,0,5,0,0,3.464101553,0,1,0,0.110552765,0.17085427,0.060301509,18.45023918,0.332494766,13.27078342,5.231108665,13.2176733,17.58827209,0,,,,,,,,,,,,,,5.231108665,1.9802,29.94652367,9.625668526,43.3155098,0,0,0
114168,58,Choate Hall,Boston,Northeast,2005,126000000,166,8256,163,54,51,33,100,166,163,49,40,89,770000,49,47500000,965000,700000,15000000,1.25,385000,25.96999931,,,3.299999952,38,186,,,,12,7,3,1,3,2,2,1,,,186,0,4,0,0,7.141428471,0,0,0,,,0.043010753,18.65179253,,13.77988338,5.09375,13.55414581,17.67624092,0,,1,1,.,0,0,na,1,1,0,,1,,5.09375,17.2093,,7.361963272,45.39877319,0,1,1
114123,61,Cleary Gottlieb,New York,Northeast,2005,760000000,1,38438,833,266,79,55,59,18,833,170,0,170,910000,19,333000000,1960000,1960000,0,2.150000095,400000,25,,,4.900000095,44,880,337,315,22,104,20,43,1,37,2,15,6,,,523,357,8,0,0,8.888194084,0,0,0,0.025,0.357954532,0.107954547,20.44882965,0.158113882,14.48845482,6.72503376,13.72119999,19.62365341,1,,12,1,100,1,1,bimonthly,1,,,,,The firm is consistent in saying there is no billable hour minimum and doesn't take hours into consideration of any bonuses,6.72503376,9.35252,40.45618057,12.48499393,79.59183502,1,1,1
114141,65,Cooley Godward,Palo Alto,West,2005,298000000,1,25198,413,181,61,44,100,70,413,134,5,139,720000,64,122000000,910000,890000,2000000,1.25999999,300000,33.33000183,,,3.079999924,41,421,156,128,28,60,14,33,2,7,0,16,1,,,421,0,2,0,1,7.810249805,0,0,1,0.066508316,0.304038018,0.133016631,19.51260376,0.257892072,13.72119999,6.023447514,13.48700619,18.61953163,0,,6,1,100,1,1,Quarterly,1,1,0,,1,,6.023447514,3.11419,37.77239609,14.52784538,66.34382629,1,1,0
114105,69,Covington & Burling,Washington D.C.,Northeast,2005,380000000,1,60105,491,293,138,67,89,63,491,161,0,161,775000,46,156500000,975000,975000,0,1.25999999,320000,31.25,,,3.049999952,41,595,191,158,33,75,14,31,0,25,6,11,2,,,553,42,5,0,0,11.7473402,0,0,0,0.055462185,0.265546232,0.112605043,19.75568199,0.235504106,13.7901926,6.196444035,13.5606184,18.86856651,0,,5,1,100,1,1,several,1,1,,,1,,6.196444035,12.59259,38.9002037,15.27494907,67.20977783,1,1,1
114280,71,Cravath,New York,Northeast,2005,500500000,1,22457,391,137,60,37,96,40,391,87,0,87,1280000,3,226000000,2600000,2600000,0,2.029999971,580000,17.23999977,,,4.489999771,45,477,163,152,11,80,19,32,0,19,1,23,0,,,424,53,1,0,5,7.745966911,0,0,0,0.023060797,0.318658292,0.155136272,20.03111839,0.151857823,14.77102184,5.968707561,14.0623703,19.23604584,1,,,,,,,,,,,,,,5.968707561,10,41.68798065,20.46035767,77.74935913,1,1,1
114117,73,Crowell and Moring,Washington D.C.,Northeast,2005,188000000,112,21058,288,163,80,62,91,112,288,85,27,112,655000,89,69000000,815000,690000,8500000,1.24000001,270000,37.04000092,,,3.400000095,37,291,104,85,19,34,13,15,2,9,2,5,1,,,267,24,5,0,0,8.944272041,0,0,0,0.065292098,0.292096227,0.099656358,19.05195236,0.255523175,13.61094379,5.662960529,13.39239025,18.04961777,0,,4,1,100,1,1,five times,1,1,1,50,1,,5.662960529,16.40867,36.11111069,11.80555534,61.11111069,0,1,1
114135,77,Davis Polk,New York,Northeast,2005,604500000,1,31637,529,190,69,42,86,26,529,148,0,148,1145000,5,296000000,2000000,2000000,0,1.75,560000,17.86000061,,,3.569999933,49,639,258,228,30,102,19,58,4,23,1,14,2,,,535,104,5,0,0,8.306623459,0,0,0,0.046948358,0.3568075,0.148669794,20.21991158,0.216675699,14.50865746,6.270988464,13.95091534,19.50587082,1,,9,1,100,1,1,regularly,0,,,,,hours not taken into account,6.270988464,0,48.77126694,19.28166389,72.02268219,1,1,1
114189,79,Day Berry,Hartford,Northeast,2005,122000000,170,7316,218,78,34,36,100,170,218,98,5,103,560000,126,51500000,530000,515000,1500000,0.949999988,245000,40.81999969,,,2.220000029,42,215,77,60,17,20,9,4,1,8,1,4,2,,,215,0,4,0,0,5.830951691,0,0,0,0.079069771,0.279069781,0.074418604,18.61953163,0.281193465,13.18063259,5.384495258,13.23569202,17.75709152,0,,,,,,,,,,,,,,5.384495258,7.9646,35.32110214,9.174311638,52.75229263,0,0,1
114106,80,Debevoise & Plimpton,New York,Northeast,2005,535500000,1,59337,579,288,132,64,78,37,579,127,0,127,925000,18,213000000,1675000,1675000,0,1.809999943,370000,27.03000069,,,4.559999943,40,666,264,244,20,80,16,31,2,29,2,15,1,,,499,167,4,0,0,11.48912525,0,0,0,0.030030031,0.366366357,0.112612613,20.09871101,0.173291758,14.33132362,6.361302376,13.73754883,19.17680359,1,,8,1,100,1,1,Quarterly,1,1,,,,hours not taken into account,6.361302376,11.91223,45.59585571,13.816926,78.06562805,1,1,1
114177,81,Dechert,Philadelphia,Northeast,2005,577000000,1,25837,823,249,39,38,81,29,823,170,78,248,700000,74,264500000,1560000,1195000,31000000,2.230000019,360000,27.78000069,,,4.849999905,46,898,300,628,42,74,10,36,2,22,2,11,1,,,763,135,2,0,0,6.244997978,0,0,0,0.046770602,0.69933182,0.076837413,20.1733532,0.216265127,14.26019669,6.712956429,13.4588356,19.39335251,0,,18,1,100,1,1,every six weeks,1,1,0,,1,,6.712956429,30.69083,36.45200348,8.991495132,69.86634064,1,1,1
114164,83,Dewey Ballantine,New York,Northeast,2005,392500000,1,17272,502,160,44,41,78,58,502,110,25,135,780000,42,134500000,1225000,1070000,10000000,1.570000052,290000,34.47999954,,,4.559999943,34,572,203,180,23,65,13,41,3,9,0,10,2,,,492,80,4,0,0,6.63324976,0,0,0,0.040209789,0.314685315,0.104895107,19.78804779,0.200523779,14.01845169,6.218600273,13.56704903,18.71707535,1,,12,1,100,1,1,As Needed,1,1,0,,1,,6.218600273,3.15375,40.43824768,12.94820786,73.10756683,1,1,1
114276,87,Dickstein Shapiro,Washington D.C.,Northeast,2005,257500000,1,17954,329,166,55,51,100,80,329,90,48,138,780000,42,96000000,1065000,840000,20500000,1.370000005,355000,28.17000008,,,3.660000086,37,353,123,98,25,51,15,18,1,21,5,6,0,,,346,7,4,0,0,7.416198254,0,0,0,0.070821531,0.277620405,0.127478749,19.36652946,0.266123146,13.87848568,5.796057701,13.56704903,18.37985802,0,,3,1,35,0,1,every six weeks,1,1,0,,1,,5.796057701,30.71066,37.38601685,15.50152016,58.05471039,1,1,1
114264,88,Dinsmore & Shohl,Cincinnati,Midwest,2005,100000000,190,0,248,0,0,0,100,190,248,97,28,125,400000,192,38000000,395000,340000,5000000,0.99000001,175000,57.13999939,,,2.569999933,38,284,89,61,28,9,3,2,0,4,3,0,0,,,284,0,2,0,0,,0,1,0,0.098591551,0.214788735,0.02112676,18.420681,0.313992918,12.8866415,5.513428688,12.89921951,17.45309639,0,,,,,,,,,,,,,,5.513428688,7.52688,35.88709641,3.629032135,49.59677505,0,0,0
114126,89,DLA Piper,Palo Alto,West,2005,890500000,1,84653,1303,832,66,65,98,10,1303,250,342,592,685000,79,249500000,1000000,645000,131500000,1.460000038,290000,34.47999954,,,5.210000038,28,3114,469,340,129,179,12,69,16,38,12,29,11,,,1449,1665,6,0,4,8.124038696,0,0,1,0.04142582,0.109184332,0.043673731,20.60729408,0.203533337,13.81551075,7.172424793,13.43717384,19.33496857,0,,59,1,100,1,1,quarterly,1,1,1,100,,,7.172424793,53.40224,35.99385834,13.73752975,54.56638336,1,1,0
114149,90,Dorsey & Whitney,Minneapolis,Midwest,2005,318500000,1,25783,563,251,50,49,92,68,563,197,54,251,565000,123,95500000,485000,435000,14000000,0.860000014,195000,51.27999878,,,2.859999895,30,619,219,141,39,61,11,33,8,3,3,5,3,,,558,61,6,2,4,7.07106781,0,1,0,0.063004844,0.22778675,0.066235863,19.57913208,0.251007646,13.09190464,6.33327961,13.24458122,18.3746376,0,,20,1,50,0,0,na,1,1,1,150,1,,6.33327961,-3.48485,38.89875793,10.83481407,55.41740799,1,1,0
114302,91,Dow Lohnes,Washington D.C.,Northeast,2005,103000000,184,0,140,0,0,0,100,184,140,50,19,69,735000,60,45000000,900000,650000,0,1.220000029,320000,31.25,,,2.799999952,44,140,,,,10,7,2,1,6,1,0,0,,,140,0,3,0,0,,0,0,0,,,0.057142857,18.45023918,,13.71014977,4.941642284,13.50762558,17.62217331,0,,,,,,,,,,,,,,4.941642284,11.95652,,7.142857552,50.71428299,0,0,1
114287,92,Drinker Biddle,Philadelphia,Northeast,2005,223000000,1,14592,408,136,36,33,100,96,408,139,33,172,550000,133,79500000,575000,520000,10000000,1.049999952,220000,45.45000076,,,2.940000057,36,441,,,,17,4,3,0,6,1,5,2,,,441,0,2,0,0,6,0,0,0,,,0.031746034,19.22268295,,13.26212502,6.011267185,13.2176733,18.19126701,0,,9,1,15,0,1,Quarterly,1,1,0,,1,says 6percent of billables is counted so maybe change code,6.011267185,4.44965,,4.166666985,57.84313583,1,1,1
114223,93,Duane Morris,Philadelphia,Northeast,2005,290500000,1,7079,490,103,15,21,98,71,490,133,136,269,595000,107,89500000,675000,475000,38000000,1.129999995,260000,38.45999908,,,3.680000067,31,515,148,90,58,42,8,16,4,8,5,6,3,,,507,8,4,0,0,3.872983456,0,0,0,0.11262136,0.174757287,0.058252428,19.48711395,0.335591048,13.42246819,6.194405556,13.2963171,18.3097496,0,,,,,,,,,,,,,,6.194405556,10.03788,30.20408249,8.571429253,45.10204315,1,0,1
114180,95,Dykema Gossett,Detroit,West,2005,146500000,143,10120,325,142,31,44,100,143,325,108,85,193,450000,178,45500000,420000,325000,17500000,0.930000007,195000,51.27999878,,,3.00999999,31,334,103,68,35,22,7,5,1,8,4,1,3,,,334,0,4,0,0,5.567764282,0,0,1,0.104790419,0.203592807,0.041916169,18.80253601,0.323713481,12.94801044,5.783825397,13.01700306,17.63322258,0,,10,1,100,1,1,Quarterly,1,1,1,40,1,,5.783825397,5.77617,31.69230843,6.769230843,40.61538696,0,1,0
114202,97,Edwards Angell,Boston,Northeast,2005,278500000,1,17350,485,113,36,23,100,74,485,158,48,206,575000,118,94500000,600000,545000,17500000,1.039999962,230000,43.47999954,,,3.069999933,34,329,95,64,31,32,10,9,3,6,3,9,1,,,326,3,5,0,1,6,0,0,0,0.094224922,0.194528878,0.072948329,19.44492912,0.306960791,13.30468464,6.184148788,13.26212502,18.36411095,0,,10,0,.,,1,As Needed,1,1,0,,1,,6.184148788,64.7929,19.58762932,6.597938538,57.52577209,1,1,1
114240,98,Epstein Becker,New York,Northeast,2005,164500000,127,3614,350,60,10,17,100,127,350,75,33,108,470000,168,42000000,560000,450000,6500000,1.190000057,140000,71.43000031,,,4.670000076,26,381,157,114,43,40,11,8,3,8,11,6,4,,,381,0,11,0,0,3.162277699,0,0,0,0.112860896,0.299212605,0.057742782,18.91842079,0.335947752,13.23569202,5.857933044,13.06048775,17.55318069,1,,,,,,,,,,,,,,5.857933044,0.30488,44.85713959,11.4285717,69.14285278,0,0,1
114156,100,Faegre & Benson,Minneapolis,Midwest,2005,229500000,1,19480,449,202,46,48,94,92,449,256,0,256,510000,148,105500000,410000,410000,0,0.800000012,235000,42.54999924,,,1.75,46,460,183,124,59,32,8,13,2,8,2,3,1,,,417,43,3,1,2,6.782330036,0,1,0,0.128260866,0.269565225,0.052173913,19.25141335,0.358135253,12.92391205,6.107022762,13.14216614,18.47422218,0,,7,1,100,1,1,Monthly,1,1,0,,1,,6.107022762,12.22494,40.7572403,7.126948833,42.98440933,1,1,0
114184,102,Fenwick & West,Mountain View California,West,2005,159000000,132,8611,229,78,38,34,100,132,229,72,4,76,695000,77,65000000,905000,875000,1500000,1.299999952,290000,34.47999954,,,3.180000067,41,246,86,72,14,53,22,30,6,4,0,12,0,,,246,0,8,0,1,6.164413929,0,0,1,0.056910571,0.292682916,0.18699187,18.88441467,0.238559365,13.71569061,5.433722019,13.45166683,17.98989868,0,,3,1,10,0,1,Quarterly,1,1,0,,1,,5.433722019,3.92157,37.5545845,23.14410591,66.81222534,0,1,0
114221,103,Finnegan Henderson,Washington D.C.,Northeast,2005,235000000,1,5607,277,44,21,16,98,88,277,92,18,110,850000,27,80000000,870000,805000,8000000,1.019999981,320000,31.25,,,3.00999999,34,298,85,65,20,31,11,16,3,5,3,4,0,,,288,10,6,0,0,4.582575798,0,0,0,0.067114092,0.218120798,0.083892621,19.27509689,0.25906387,13.67624855,5.624017715,13.65299129,18.19753647,0,,,,,,,,,,,,,,5.624017715,4.44444,30.68591881,11.19133568,60.28881073,1,0,1
114256,105,Fish & Richardson,Boston,Northeast,2005,246500000,1,1414,306,17,5,6,100,84,306,87,57,144,805000,34,78500000,905000,660000,16500000,1.120000005,310000,32.25999832,,,3.519999981,32,337,88,59,29,45,13,24,8,5,1,5,1,,,337,0,7,0,1,2.23606801,0,0,0,0.086053416,0.17507419,0.100890204,19.32287216,0.29334864,13.71569061,5.723585129,13.59859753,18.17860985,0,,10,1,5,0,1,As Needed,1,1,1,50,1,,5.723585129,9.79955,28.75817108,14.70588303,52.94117737,1,1,1
114285,106,Foley & Lardner,Milwaukee,Midwest,2005,610500000,1,38750,892,248,43,28,100,25,892,225,244,469,685000,79,190000000,845000,610000,97000000,1.230000019,320000,31.25,,,3.960000038,31,936,262,190,72,85,9,27,9,23,9,11,6,,,933,3,5,0,0,6.557438374,0,1,0,0.07692308,0.202991456,0.065170944,20.22978973,0.277350098,13.64709187,6.793466091,13.43717384,19.06253433,0,,18,1,15,0,1,monthly,1,1,1,60,1,,6.793466091,12.53456,29.3721981,9.529148102,47.42152405,1,1,0
114120,107,Foley Hoag,Boston,Northeast,2005,129000000,159,16950,225,137,75,61,100,159,225,68,27,95,575000,118,41000000,605000,520000,8000000,1.049999952,220000,45.45000076,,,3.309999943,32,244,104,83,21,13,5,7,0,3,2,1,0,,,244,0,2,0,0,8.660254478,0,0,0,0.086065575,0.340163946,0.045081966,18.67532349,0.293369353,13.31298351,5.416100502,13.26212502,17.52908325,0,,2,1,20,0,0,.,1,1,0,,1,,5.416100502,3.61446,46.22222137,5.777777672,57.77777863,0,1,1
114246,109,Fox Rothschild,Philadelphia,Northeast,2005,128500000,160,2322,259,42,9,16,100,160,259,92,45,137,495000,157,47000000,510000,415000,10000000,1.029999971,220000,45.45000076,,,2.819999933,37,308,81,58,23,9,3,1,1,5,1,1,0,,,308,0,1,0,0,3,0,0,0,0.074675322,0.188311681,0.022727273,18.67144012,0.273267865,13.14216614,5.556828022,13.11231327,17.66565895,0,,,,,,,,,,,,,,5.556828022,15.24664,31.27413177,3.474903584,47.10424805,0,0,1
114125,112,Fried Frank,New York,Northeast,2005,390000000,1,29582,438,211,77,55,88,59,438,126,0,126,890000,21,156000000,1240000,1240000,0,1.389999986,355000,28.17000008,,,3.480000019,40,523,193,168,25,74,16,37,1,15,2,13,3,,,453,70,6,1,2,8.774964333,0,0,0,0.047801148,0.321223706,0.124282986,19.78165817,0.21863474,14.03062153,6.082219124,13.69897652,18.86536598,1,,5,1,100,1,1,bimonthly,1,1,1,150,1,based on washington office; nyc has a lil different,6.082219124,8.6351,44.0639267,16.89497757,71.23287964,1,1,1
114187,113,Frost Brown,Cincinnati,Midwest,2005,126500000,165,11012,349,135,32,39,100,165,349,136,26,162,365000,197,52000000,380000,345000,4000000,1.039999962,160000,62.5,,,2.569999933,41,360,110,84,26,19,5,3,0,12,1,2,1,,,359,1,1,0,0,5.656854153,0,1,0,0.072222225,0.233333334,0.047222223,18.65575218,0.268741935,12.84792614,5.855072021,12.80765247,17.76675415,0,,7,1,variable,0,1,quarterly,1,0,,,0,,5.855072021,3.26531,31.51862335,5.444126129,53.58166122,0,1,0
114274,114,Fulbright & Jaworski,Houston,South,2005,539000000,1,52281,858,427,63,51,97,36,858,347,0,347,630000,96,248000000,715000,715000,0,1.129999995,290000,34.47999954,,,2.470000029,46,918,326,275,51,97,11,36,2,30,3,19,5,,,880,38,4,2,0,7.937253952,1,0,0,0.055555556,0.299564272,0.09259259,20.10522652,0.235702261,13.48003769,6.754603863,13.35347557,19.32893944,0,,13,1,29,0,1,monthly by phone twic e in person,1,0,,,1,,6.754603863,9.66429,37.99533844,11.30536079,59.55710983,1,1,0
114295,115,Gardere Wynne,Dallas,South,2005,153000000,137,2797,258,95,11,37,100,137,258,94,62,156,595000,107,63000000,670000,510000,16500000,1.129999995,310000,32.25999832,,,2.74000001,41,286,70,36,34,19,7,2,1,3,3,8,2,,,272,14,4,0,0,3.31662488,1,0,0,0.118881121,0.125874132,0.045454547,18.84594917,0.344791412,13.41503334,5.552959442,13.2963171,17.95864487,0,,,,,,,,,,,,,,5.552959442,2.34114,27.13178444,7.364340782,39.53488541,0,0,0
114198,116,Gardner Carton,Chicago,Midwest,2005,127000000,163,5835,226,84,26,37,100,163,226,41,97,138,560000,126,23000000,560000,360000,27000000,1,220000,45.45000076,,,5.510000229,18,232,93,54,39,21,9,7,1,3,4,2,2,,,232,0,6,1,1,5.099019527,0,1,0,0.168103442,0.232758626,0.05172414,18.65969849,0.410004199,13.23569202,5.420535088,13.23569202,16.95100403,0,,5,0,.,,1,montly,1,1,1,75,1,,5.420535088,-1.9305,41.15044022,9.292035103,38.93805313,0,1,0
114150,119,Gibson Dunn,Los Angeles,West,2005,746000000,1,35820,738,304,53,45,91,19,738,253,0,253,1010000,8,413500000,1635000,1635000,0,1.620000005,560000,17.86000061,,,2.920000076,55,782,257,220,37,71,10,38,0,10,1,18,3,,,715,67,2,1,0,7.280109882,0,0,1,0.047314577,0.28132993,0.084398977,20.43023682,0.217519134,14.3071537,6.603943825,13.82546043,19.840168,0,,13,1,20,0,1,monthly,1,1,0,,,hours not taken into acct for bonuses,6.603943825,7.64791,34.82384491,9.620596886,65.71815491,1,1,0
114130,123,Goodwin Procter,Boston,Northeast,2005,415000000,1,41438,554,270,76,49,100,53,554,146,61,207,750000,52,181500000,1245000,1005000,26000000,1.659999967,375000,26.67000008,,,3.789999962,44,626,212,173,39,44,7,22,3,11,1,4,3,,,626,0,3,0,0,8.717798233,0,0,0,0.062300321,0.27635783,0.05910543,19.84378815,0.249600321,14.03464603,6.317164898,13.52782822,19.01676559,0,,5,1,75-100,0,1,monthly,1,1,0,,1,,6.317164898,37.19008,38.26714706,7.942238331,62.63537979,1,1,1
114214,126,Greenberg Traurig,Miami,South,2005,860500000,1,35500,1334,236,28,19,96,12,1334,247,372,619,645000,90,269500000,1090000,610000,110000000,1.690000057,285000,35.09000015,,,5.400000095,31,1482,412,313,99,205,15,47,11,41,9,58,36,,,1407,75,9,1,2,5.291502476,1,0,0,0.066801623,0.211201087,0.098515518,20.57302475,0.258460104,13.90168858,7.195937157,13.37700558,19.41207886,0,,28,1,.,0,,.,,,,,,,7.195937157,20.85674,30.88455772,15.36731529,53.59820175,1,1,0
114207,136,Haynes and Boone,Dallas,South,2005,217000000,101,10689,396,99,28,26,98,101,396,141,45,186,550000,133,95000000,675000,605000,17500000,1.230000019,285000,35.09000015,,,2.809999943,44,440,110,74,36,52,12,5,5,6,4,23,9,,,440,0,10,0,0,5.291502476,1,0,0,0.081818178,0.168181822,0.077272728,19.19540787,0.286038756,13.42246819,5.981414318,13.2176733,18.36938667,0,,9,1,.,0,1,monthly,1,0,,,,,5.981414318,3.08789,27.77777863,13.13131332,53.03030014,0,1,0
114113,137,Heller Ehrman,San Francisco,West,2005,475000000,1,53896,590,359,97,65,94,43,590,180,69,249,805000,34,159000000,885000,745000,27000000,1.100000024,315000,31.75,,,3.279999971,33,705,258,202,56,94,14,56,8,12,3,10,4,,,676,29,6,0,1,9.84885788,0,0,1,0.079432622,0.286524832,0.110638298,19.97882462,0.28183794,13.69334316,6.380122662,13.59859753,18.88441467,0,,12,1,varies,0,1,monthly,1,0,,,1,,6.380122662,0.63559,43.72881317,15.93220425,57.79660797,1,1,0
114260,141,Hinshaw & Culbertson,Chicago,Midwest,2005,149500000,142,986,443,11,2,3,100,142,443,83,178,261,340000,198,39500000,475000,265000,29000000,1.399999976,155000,64.51999664,,,5.340000153,26,445,122,84,38,51,12,10,4,14,3,15,4,,,445,0,4,0,1,1.414213538,0,1,0,0.085393257,0.188764051,0.087640449,18.82280731,0.292221248,13.07106972,6.093569756,12.73670101,17.49181175,0,,,,,,,,,,,,,,6.093569756,9.92647,27.5395031,11.51241493,41.08351898,0,0,0
114108,143,Hogan & Hartson,Washington D.C.,Northeast,2005,700000000,1,71215,953,704,90,89,83,21,953,309,139,448,735000,60,279000000,905000,725000,46000000,1.230000019,340000,29.40999985,,,3.079999924,40,1012,331,242,89,111,13,41,6,23,8,22,10,,,838,174,6,0,1,9.486832619,0,0,0,0.087944664,0.239130437,0.084980235,20.3665905,0.296554655,13.71569061,6.859614849,13.50762558,19.44672203,0,,23,1,100,1,0,na,1,1,1,100,1,,6.859614849,11.11111,34.73242569,11.64742947,52.99055481,1,1,1
114110,144,Holland & Hart,Denver,West,2005,141000000,149,26297,298,239,88,80,100,149,298,150,0,150,475000,167,67000000,445000,445000,0,0.939999998,225000,44.43999863,,,1.99000001,48,329,107,77,37,27,8,3,1,2,0,17,0,,,329,0,1,1,3,9.380831718,0,0,1,0.112462007,0.234042555,0.066869304,18.76427078,0.335353553,13.00582981,5.697093487,13.07106972,18.02020264,0,,,,,,,,,,,,,,5.697093487,13.70968,35.90604019,9.06040287,49.66442871,0,0,0
114277,145,Holland & Knight,Tampa,South,2005,581500000,1,60000,1168,595,52,51,100,28,1168,332,366,698,500000,153,159500000,480000,375000,103000000,0.959999979,225000,44.43999863,,,3.519999981,27,1255,377,257,120,155,12,26,7,31,22,37,23,,,1255,0,8,4,5,7.211102486,1,0,0,0.095617533,0.204780877,0.074900396,20.18112183,0.30922085,13.08154106,7.063048363,13.12236309,18.88755417,0,,23,1,100,1,0,na,1,1,0,,1,says no committee but they have a team of personnell,7.063048363,5.53539,32.27739716,13.27054787,40.23972702,1,1,0
114233,146,Holme Roberts,Denver,West,2005,96000000,196,3205,199,30,16,15,99,196,199,102,8,110,485000,161,35500000,345000,355000,4000000,0.709999979,200000,50,,,1.950000048,37,213,60,38,22,13,6,1,0,1,1,6,4,,,212,1,4,0,0,4,0,0,1,0.103286386,0.17840375,0.037558686,18.37985802,0.321381986,12.75129986,5.29330492,13.09190464,17.3850441,0,,,,,,,,,,,,,,5.29330492,,30.15075302,6.532663345,44.72361755,0,0,0
114265,147,Honigman Miller,Detroit,West,2005,126000000,166,0,196,0,0,0,100,166,196,117,25,142,645000,90,59500000,510000,460000,6000000,0.790000021,335000,29.85000038,,,1.669999957,47,220,62,29,33,12,6,2,0,7,2,1,0,,,219,1,1,0,0,,0,0,1,0.150000006,0.131818175,0.045454547,18.65179253,0.387298346,13.14216614,5.278114796,13.37700558,17.90148735,0,,,,,,,,,,,,,,5.278114796,20,31.63265228,6.122448921,27.55101967,0,0,0
114271,149,Howrey,Washington D.C.,Northeast,2005,384500000,1,34812,540,206,83,49,78,61,540,123,96,219,710000,69,118000000,960000,690000,33500000,1.350000024,280000,35.70999908,,,4.389999866,31,534,163,121,42,93,20,36,12,24,6,10,3,,,477,57,13,0,2,9.110433578,0,0,0,0.078651689,0.226591766,0.131086141,19.76745415,0.280449092,13.77468872,6.291569233,13.47302055,18.58619499,0,,14,1,100,1,1,quarterly by phone,1,1,0,,1,,6.291569233,9.23295,30.18518448,17.22222328,59.44444656,1,1,1
114119,151,Hughes Hubbard,New York,Northeast,2005,218000000,1,19880,292,185,73,68,93,100,292,73,8,81,745000,58,80500000,1100000,1035000,3500000,1.480000019,285000,35.09000015,,,4,37,332,127,110,17,63,20,21,1,21,0,16,4,,,310,22,7,0,0,8.544003487,0,0,0,0.051204819,0.331325293,0.1746988,19.20000648,0.226284817,13.91082096,5.676753998,13.52113914,18.20376778,1,,7,1,20,0,1,periodic basis,1,1,0,,1,,5.676753998,11.22449,43.49315262,21.57534218,72.26026917,1,1,1
114132,152,Hunton & Williams,Richmond,South,2005,475000000,1,44225,798,450,59,60,94,43,798,252,98,350,595000,107,169000000,670000,575000,33000000,1.129999995,255000,39.22000122,,,3.170000076,36,857,247,200,47,86,11,11,3,23,10,25,13,,,807,50,8,0,1,7.681145668,1,0,0,0.054842472,0.233372226,0.06884481,19.97882462,0.234184697,13.41503334,6.682108402,13.2963171,18.94540977,0,,17,1,100,1,1,monthly,1,1,1,50,1,,6.682108402,7.95455,30.95238113,10.77694225,56.14035034,1,1,0
114236,153,Husch & Eppenberger,St. Louis,Midwest,2005,124000000,169,4025,294,46,14,16,100,169,294,90,72,162,420000,186,39500000,440000,320000,13000000,1.049999952,180000,55.56000137,,,3.269999981,32,304,84,55,29,14,5,1,1,7,2,0,3,,,304,0,4,0,0,3.741657495,0,1,0,0.095394738,0.180921048,0.02631579,18.63579178,0.308860391,12.99452972,5.683579922,12.94801044,17.49181175,0,,8,1,varies,0,1,varies,1,1,0,,1,,5.683579922,8.77193,28.57143021,4.761904716,44.89795685,0,1,0
114218,154,Ice Miller,Indianapolis,Midwest,2005,102000000,187,1991,245,84,8,34,100,187,245,101,2,103,415000,188,45500000,450000,450000,500000,1.080000043,190000,52.63000107,,,2.430000067,45,251,106,81,25,14,6,0,0,9,2,3,0,,,251,0,2,0,0,2.828427076,0,1,0,0.099601597,0.322709173,0.047808766,18.44048309,0.315597206,13.01700306,5.501258373,12.9360342,17.63322258,0,,,,,,,,,,,,,,5.501258373,9.09091,43.26530838,5.714285851,57.95918274,0,0,0
114143,155,Irell and Manella,Los Angeles,West,2005,191000000,111,13000,200,75,65,38,100,111,200,80,0,80,955000,13,120000000,1500000,1500000,0,1.570000052,600000,16.67000008,,,2.5,63,225,49,38,11,37,16,16,6,3,3,8,1,,,225,0,12,0,0,8.062257767,0,0,1,0.048888888,0.168888882,0.119999997,19.06778336,0.221108317,14.22097588,5.298317432,13.7694664,18.60300255,0,,2,1,.,0,1,as needed,1,1,0,,1,,5.298317432,-4.0201,24.5,18.5,60.00000381,0,1,0
114262,157,Jackson Lewis,White Plains,Northeast,2005,169000000,125,286,370,6,1,2,100,125,370,159,3,162,455000,176,73500000,465000,460000,500000,1.019999981,200000,50,,,2.329999924,43,387,137,106,31,35,12,15,3,4,1,6,5,,,386,1,6,0,1,1,0,0,0,0.08010336,0.27390182,0.064599484,18.94540977,0.283025384,13.04979229,5.91350317,13.02805233,18.11279678,0,,,,,,,,,,,,,,5.91350317,8.68167,37.02702713,9.459459305,56.21621704,0,0,1
114222,158,Jackson Walker,Dallas,South,2005,133000000,153,5010,287,55,18,19,100,153,287,90,75,165,465000,173,47500000,530000,395000,18000000,1.139999986,230000,43.47999954,,,3.190000057,36,,,,,,,,,,,,,,,,,,,,4.242640495,1,0,0,,,,18.70586014,,13.18063259,5.659482002,13.04979229,17.67624092,0,,,,,,,,,,,,,,5.659482002,-3.62319,,,42.50870895,0,0,0
114212,161,Jenkens & Gilchrist,Dallas,South,2005,179000000,118,5996,281,75,21,27,100,118,281,84,57,141,635000,94,47000000,560000,445000,15500000,0.879999995,220000,45.45000076,,,3.349999905,26,282,73,52,21,26,9,6,2,5,0,10,3,,,282,0,4,0,0,4.582575798,1,0,0,0.074468084,0.184397161,0.074468084,19.00289726,0.272888422,13.23569202,5.638354778,13.36138058,17.66565895,0,,,,,,,,,,,,,,5.638354778,-30.62015,25.97864914,9.252669334,49.82206345,0,0,0
114111,162,Jenner & Block,Chicago,Midwest,2005,287500000,1,37335,393,269,95,68,100,72,393,186,13,199,730000,63,132000000,710000,700000,8000000,0.970000029,355000,28.17000008,,,2.109999895,46,443,140,104,36,50,11,20,1,15,4,7,2,,,443,0,4,0,1,9.746794701,0,1,0,0.081264108,0.234762982,0.094808124,19.47673416,0.285068601,13.47302055,5.973809719,13.50080013,18.69831276,0,,4,1,40,0,1,monthly,1,0,,,1,,5.973809719,13.41223,35.62340927,12.72264576,49.3638649,1,1,0
114192,163,Jones Day,Cleveland,Midwest,2005,1285000000,1,57250,2136,526,36,33,75,4,2136,483,161,644,600000,101,347000000,720000,700000,104000000,1.200000048,210000,47.61999893,,,4.420000076,27,2297,846,741,105,159,9,72,10,42,5,24,3,,,1745,552,4,1,2,6,0,1,0,0.045711797,0.322594702,0.060078364,20.97402382,0.213803172,13.48700619,7.66669035,13.30468464,19.66483498,0,,29,1,30,0,1,monthly; once a year for firmwide committee,1,1,0,,,hours not taken into acct,7.66669035,7.98319,39.60674286,7.44382,69.85018921,1,1,0
114183,165,Katten Muchin,Chicago,Midwest,2005,386500000,1,21806,577,194,38,34,99,60,577,147,130,277,670000,84,137500000,935000,655000,44000000,1.399999976,315000,31.75,,,3.930000067,36,613,214,154,60,56,9,27,6,8,5,9,1,,,613,0,4,0,0,6.164413929,0,1,0,0.097879283,0.251223505,0.071778141,19.77264214,0.312856644,13.74830151,6.357842445,13.41503334,18.73913383,0,,8,1,100,1,1,as needed,1,1,0,,1,,6.357842445,5.02717,37.08838654,9.70537281,51.99306488,1,1,0
114158,166,Kaye Scholer,New York,Northeast,2005,383500000,1,23837,478,173,52,38,96,62,478,134,6,140,805000,34,172000000,1285000,1260000,4000000,1.600000024,370000,27.03000069,,,3.569999933,45,512,155,131,24,65,13,25,3,25,2,10,0,,,490,22,4,0,0,7.211102486,0,0,0,0.046875,0.255859375,0.1171875,19.76485062,0.216506347,14.06626892,6.1696105,13.59859753,18.96300507,1,,8,1,varies,0,1,as needed,1,1,0,,1,,6.1696105,5.93923,32.42677689,13.59832573,70.71129608,1,1,1
114289,167,Kelley Drye and Warren,New York,Northeast,2005,172000000,121,10506,271,69,39,26,99,121,271,56,42,98,635000,94,51000000,915000,665000,14000000,1.440000057,240000,41.66999817,,,4.840000153,30,321,104,91,13,45,14,21,3,14,1,4,2,,,321,0,6,0,0,6.244997978,0,0,0,0.040498443,0.283489108,0.121495329,18.96300507,0.201242253,13.7266798,5.602118969,13.36138058,17.74733543,1,,7,1,varies,0,1,regularly,0,1,0,,1,,5.602118969,2.68657,38.37638474,16.60516548,63.83763504,0,1,1
114266,170,Kenyon & Kenyon,New York,Northeast,2005,132500000,155,0,186,0,0,0,100,155,186,41,14,55,710000,69,39500000,960000,835000,6500000,1.350000024,245000,40.81999969,,,4.539999962,30,210,44,34,10,27,13,15,2,6,1,3,0,,,203,7,5,0,0,,0,0,0,0.047619049,0.161904767,0.114285715,18.70209312,0.218217894,13.77468872,5.225746632,13.47302055,17.49181175,1,,,,,,,,,,,,,,5.225746632,15.21739,23.65591431,14.51612854,70.43010712,0,0,1
114121,171,Kilpatrick Stockton,Atlanta,South,2005,250500000,1,22223,455,335,54,82,90,82,455,120,95,215,550000,133,74000000,615000,500000,33500000,1.120000005,235000,42.54999924,,,3.789999962,30,515,135,95,40,50,11,12,2,22,4,7,1,,,464,51,3,0,2,7.348469257,1,0,0,0.077669904,0.184466019,0.079611652,19.33897018,0.278693199,13.32937717,6.120297432,13.2176733,18.1195755,0,,91,1,100,1,1,monthly,1,1,1,50,1,,6.120297432,6.14407,29.67033005,10.98901081,52.74725723,1,1,0
114165,172,King & Spalding,Atlanta,South,2005,514500000,1,29047,755,336,39,45,98,38,755,161,74,235,680000,82,169000000,1050000,820000,24000000,1.539999962,255000,39.22000122,,,4.690000057,33,847,322,282,40,100,12,32,3,44,6,7,7,,,825,22,7,0,1,6.244997978,1,0,0,0.047225501,0.332939774,0.097992919,20.05870628,0.217314288,13.86430073,6.626717567,13.42984772,18.94540977,0,,5,1,50,0,1,monthly,1,1,1,50,1,,6.626717567,9.46809,42.64900589,13.24503231,68.87417603,1,1,0
114153,173,Kirkland & Ellis,Chicago,Midwest,2005,970000000,1,58900,983,309,63,33,96,9,983,192,242,434,985000,12,407000000,2120000,1160000,97000000,2.150000095,515000,19.42000008,,,5.119999886,42,1072,316,,84,118,12,62,13,17,6,13,5,,,1014,58,6,0,2,7.937253952,0,1,0,0.078358211,,0.085820898,20.69280624,0.279925376,14.56692696,6.890609264,13.80039692,19.82432365,0,,7,1,5,0,0,na,1,1,0,,1,,6.890609264,16.16766,32.14648819,12.00406933,55.84943771,1,1,0
114191,174,Kirkpatrick & Lockhart,Pittsburgh,Northeast,2005,469000000,1,22212,837,281,31,39,87,45,837,167,214,381,560000,126,121000000,725000,510000,74500000,1.289999962,235000,42.54999924,,,5.010000229,26,1012,330,272,58,111,13,48,3,25,9,20,6,,,862,150,5,0,0,5.567764282,0,0,0,0.057312254,0.268774718,0.091897234,19.96611404,0.239399776,13.493927,6.729824066,13.23569202,18.61130142,0,,12,1,.,0,1,quarterly,1,1,1,50,1,,6.729824066,25.90604,39.42652512,13.26164913,54.48028564,1,1,1
114169,175,Kramer Levin,New York,Northeast,2005,232000000,1,13477,290,91,50,34,93,89,290,60,31,91,800000,37,82500000,1375000,1150000,22000000,1.720000029,360000,27.78000069,,,4.829999924,36,325,115,105,10,23,8,15,2,2,1,3,0,,,302,23,3,0,0,7.07106781,0,0,0,0.030769231,0.323076934,0.061538462,19.26224709,0.175411597,14.13396454,5.669880867,13.59236717,18.22830963,1,,2,0,na,,1,2-3x a year,1,1,0,,1,,5.669880867,18.36735,39.65517426,7.931034088,68.62068939,1,1,1
114252,176,Kutak Rock,Omaha,Midwest,2005,134500000,152,2641,322,28,8,9,100,152,322,133,45,178,415000,188,57000000,430000,370000,8500000,1.039999962,205000,48.77999878,,,2.420000076,42,,,,,,,,,,,,,,,,,,,,2.828427076,0,1,0,,,,18.71707535,,12.97154045,5.774551392,12.9360342,17.85856247,0,,,,,,,,,,,,,,5.774551392,12.08333,,,44.72049713,0,0,0
114127,178,Latham & Watkins,Los Angeles,West,2005,1412500000,1,97882,1615,625,78,50,77,2,1615,406,108,514,875000,23,650500000,1600000,1400000,70000000,1.830000043,445000,22.46999931,,,3.980000019,46,1864,558,485,73,258,17,154,11,27,6,42,8,,,1527,337,6,1,9,8.831760406,0,0,1,0.03916309,0.260193139,0.119635195,21.0686264,0.197896659,14.28551388,7.387090206,13.68197918,20.29325104,0,,22,1,50,0,1,bimonthly,1,1,0,,1,,7.387090206,17.12272,34.55108261,15.97523212,68.17337036,1,1,0
114176,180,LeBoeuf Lamb,New York,Northeast,2005,440000000,1,19962,612,185,41,38,79,51,612,129,58,187,720000,64,171000000,1325000,1095000,33500000,1.840000033,335000,29.85000038,,,4.739999771,39,641,221,186,35,76,14,35,2,13,3,16,3,,,538,103,5,1,3,6.403124332,0,0,0,0.054602183,0.290171593,0.099843994,19.90228462,0.233671099,14.09692287,6.416732311,13.48700619,18.9571743,1,,19,1,100,1,1,quarterly,1,1,1,200,1,,6.416732311,23.42216,36.11111069,12.41830063,69.44444275,1,1,1
114267,183,Lewis Brisbois,Los Angeles,West,2005,157000000,133,0,480,0,0,0,100,133,480,51,183,234,325000,200,23500000,460000,255000,36500000,1.419999957,125000,80,,,9.409999847,15,462,198,131,67,105,23,38,7,12,4,28,12,,,462,0,9,0,4,,0,0,1,0.145021647,0.283549786,0.16883117,18.8717556,0.380817086,13.03898144,6.173786163,12.69158077,16.97251129,0,,,,,,,,,,,,,,6.173786163,,41.25,21.875,51.25,0,0,0
114298,186,Littler Mendelson,San Francisco,West,2005,199500000,105,3090,404,39,8,10,100,105,404,145,64,209,495000,157,64500000,445000,365000,11500000,0.899999976,190000,52.63000107,,,2.789999962,32,433,187,126,61,59,14,15,4,19,8,7,6,,,433,0,8,0,0,2.828427076,0,0,1,0.140877604,0.290993065,0.094688222,19.11132431,0.375336647,13.00582981,6.001414776,13.11231327,17.98217583,0,,,,,,,,,,,,,,6.001414776,6.68449,46.28712845,14.60396004,48.26732635,0,0,0
114242,187,Locke Liddell,Dallas,South,2005,208000000,103,3438,314,49,11,16,100,103,314,91,86,177,660000,87,65000000,715000,575000,37000000,1.080000043,325000,30.77000046,,,3.450000048,31,371,100,73,27,42,11,11,0,12,3,13,1,,,371,0,3,1,1,3.31662488,1,0,0,0.07277628,0.196765497,0.097035043,19.15304947,0.269770801,13.48003769,5.749392986,13.39999485,17.98989868,0,,5,1,5,0,1,as needed,0,0,,,1,,5.749392986,7.77202,31.84713364,13.37579632,43.63057327,0,1,0
114244,188,Loeb & Loeb,Los Angeles,West,2005,146500000,143,2670,195,23,14,12,100,143,195,45,62,107,750000,52,41500000,925000,625000,25000000,1.230000019,340000,29.40999985,,,4.329999924,28,206,61,45,16,19,9,10,1,3,2,3,0,,,203,3,3,0,0,3.741657495,0,0,1,0.077669904,0.218446597,0.077669904,18.80253601,0.278693199,13.73754883,5.272999763,13.52782822,17.54120445,0,,4,1,30,0,1,as needed,0,1,0,,1,,5.272999763,20.57613,31.28205299,9.743590355,45.12820435,0,1,0
114208,190,Lord Bissell,Chicago,Midwest,2005,155500000,136,7523,269,63,28,24,100,136,269,96,42,138,580000,116,58500000,610000,515000,12500000,1.049999952,265000,37.74000168,,,2.799999952,38,288,93,71,22,36,13,11,4,9,3,7,2,,,288,0,7,0,0,5.291502476,0,1,0,0.076388888,0.246527776,0.09375,18.86215591,0.276385397,13.32121468,5.594711304,13.27078342,17.88453674,0,,4,1,.,0,1,quarterly,1,1,0,,1,,5.594711304,3.32226,34.57249069,13.38290024,48.69888306,0,1,0
114140,193,Lowenstein Sandler,Roseland New Jersey,Northeast,2005,133000000,153,14888,222,86,67,39,100,153,222,71,5,76,600000,101,44500000,630000,605000,1500000,1.049999952,205000,48.77999878,,,3.130000114,33,242,78,70,8,24,10,7,0,6,1,7,3,,,242,0,5,0,0,8.185352325,0,0,0,0.03305785,0.289256185,0.082644626,18.70586014,0.181818172,13.35347557,5.402677536,13.30468464,17.61100006,0,,3,1,20,0,1,monthly,0,1,0,,1,,5.402677536,18.75,35.13513565,10.81081104,65.76576996,0,1,1
114253,194,Luce Forward,San Diego,West,2005,94000000,200,1632,166,12,10,7,100,200,166,63,22,85,565000,123,34500000,550000,470000,5500000,0.970000029,240000,41.66999817,,,2.630000114,37,180,65,48,17,20,11,12,2,2,0,4,0,,,180,0,2,0,0,3.162277699,0,0,1,0.094444446,0.266666681,0.100000001,18.3588047,0.307318151,13.2176733,5.111987591,13.24458122,17.35647011,0,,4,1,7,0,1,as needed,1,1,1,50,1,,5.111987591,8.04598,39.15662766,12.04819298,48.79518127,0,1,0
114286,197,Manatt Phelps and Phillips,Los Angeles,West,2005,196000000,106,8845,281,108,32,38,100,106,281,48,82,130,700000,74,49500000,1035000,635000,33000000,1.480000019,295000,33.90000153,,,5.849999905,25,301,97,65,32,46,15,21,4,8,3,9,1,,,301,0,5,0,0,5.656854153,0,0,1,0.10631229,0.215946838,0.126245841,19.09362602,0.326055646,13.84991169,5.638354778,13.4588356,17.71748352,0,,8,1,100,1,1,.,1,0,,1,,,5.638354778,8.28729,34.51957321,16.37010765,53.73665619,0,1,0
114290,199,Mayer Brown,Chicago,Midwest,2005,980000000,1,35296,1307,258,36,27,74,8,1307,427,127,554,750000,52,407000000,955000,805000,40000000,1.269999981,340000,29.40999985,,,3.059999943,42,1292,461,371,90,153,16,63,8,29,6,40,7,,,937,355,5,0,0,6,0,1,0,0.069659442,0.287151694,0.102167182,20.70306396,0.263930738,13.7694664,7.175489902,13.52782822,19.82432365,0,,13,1,100,1,1,quarterly,1,1,0,,1,,7.175489902,7.57409,35.27161407,11.70619774,57.612854,1,1,0
114163,200,McCarter & English,Newark,Northeast,2005,167500000,126,14849,318,121,47,38,100,126,318,75,50,125,525000,142,50000000,665000,495000,12000000,1.269999981,195000,51.27999878,,,4.239999771,30,358,121,101,20,33,9,12,1,9,1,9,1,,,357,1,2,0,0,6.855654716,0,0,0,0.055865921,0.28212291,0.083798885,18.93649483,0.23635973,13.40754223,5.762051582,13.17115307,17.72753334,0,,7,1,100,1,1,monthly,1,1,0,,1,,5.762051582,12.41611,38.05031586,10.37735844,60.69182205,0,1,1
114170,203,McDermott Will,Chicago,Midwest,2005,799500000,1,36913,1034,378,41,42,88,17,1034,288,300,588,775000,46,369000000,1280000,825000,114500000,1.649999976,470000,21.28000069,,,3.589999914,46,1025,328,204,124,109,12,49,26,15,6,9,4,,,919,106,7,0,0,6.403124332,0,1,0,0.120975606,0.199024394,0.071219511,20.49949646,0.347815484,14.0623703,6.941190243,13.5606184,19.72630692,0,,14,1,virtually all of his time,0,1,bimonthly,1,1,0,,1,says no coordinator but has a person on the pro bono and community service committee that spends most of his time doing stuff for the committee,6.941190243,7.31544,31.72146988,10.54158592,43.133461,1,1,0
114226,204,McGuireWoods,Richmond,South,2005,341000000,1,11791,674,100,18,15,98,65,674,164,187,351,505000,151,99500000,605000,415000,47000000,1.200000048,215000,46.50999832,,,4.110000134,29,690,205,155,50,55,8,9,1,21,16,6,0,,,683,7,5,0,2,4.242640495,1,0,0,0.072463766,0.224637687,0.052173913,19.64739227,0.269190937,13.31298351,6.513230324,13.13231373,18.41566849,0,,,,,,,,,,,,,,6.513230324,-0.87209,30.41543007,8.160237312,47.92285156,1,0,0
114195,205,McKenna Long,Washington D.C.,Northeast,2005,194500000,108,11496,365,125,32,35,98,108,365,91,82,173,535000,139,59000000,650000,455000,20000000,1.210000038,215000,46.50999832,,,4.010000229,30,379,107,77,30,49,13,17,4,17,3,6,2,,,367,12,5,0,0,5.656854153,0,0,0,0.079155676,0.203166232,0.105540894,19.08594322,0.281346172,13.38472748,5.899897575,13.19002247,17.89304733,0,,,,,,,,,,,,,,5.899897575,12.42775,29.3150692,13.42465687,52.60273743,0,0,1
114138,206,Michael Best,Milwaukee,Midwest,2005,116000000,178,16223,232,85,70,37,100,178,232,99,48,147,500000,153,41000000,415000,345000,10000000,0.829999983,220000,45.45000076,,,2.339999914,35,265,75,42,33,10,4,2,0,4,2,1,1,,,265,0,2,0,0,8.366600037,0,1,0,0.124528304,0.158490568,0.026415095,18.56910133,0.352885693,12.9360342,5.446737289,13.12236309,17.52908325,0,,6,1,.,0,1,quarterly,1,0,,,0,,5.446737289,-8.66142,32.32758713,4.310344696,36.63793182,0,1,0
114134,207,Milbank Tweed,New York,Northeast,2005,496000000,1,25027,494,214,62,53,81,41,494,113,21,134,1005000,9,228000000,2020000,1935000,31500000,2.00999999,525000,19.04999924,,,4.369999886,46,549,184,173,11,95,21,49,5,14,2,21,3,,,445,104,9,0,1,7.874007702,0,0,0,0.020036429,0.315118402,0.153005466,20.0220871,0.141550094,14.51860809,6.202535629,13.82049847,19.24485588,1,,10,1,100,1,1,as needed,1,0,,,1,,6.202535629,14.94786,37.2469635,19.23077011,72.87448883,1,1,1
114238,210,Miller Canfield,Detroit,West,2005,138500000,151,4200,357,50,13,16,90,151,357,116,39,155,390000,194,44000000,380000,335000,8000000,0.970000029,145000,68.97000122,,,3.079999924,32,350,97,74,23,25,8,4,1,10,5,3,0,,,312,38,5,1,1,3.605551243,0,0,1,0.065714285,0.211428568,0.04857143,18.74638176,0.256347984,12.84792614,5.877735615,12.87390232,17.59970093,0,,15,1,15,0,0,na,1,0,,,0,,5.877735615,4.92424,27.17086983,7.002801418,56.58263397,0,1,0
114137,212,Mintz Levin,Boston,Northeast,2005,230000000,1,23100,391,195,60,50,99,91,391,72,108,180,590000,113,59500000,835000,550000,39500000,1.419999957,255000,39.22000122,,,5.46999979,26,428,158,119,39,36,9,10,3,8,7,4,3,,,417,11,7,0,1,7.745966911,0,0,0,0.091121495,0.278037369,0.051401868,19.25358963,0.301863372,13.63518715,5.968707561,13.28787804,17.90148735,0,,8,1,50,0,1,few times each week via email; periodically in person,1,1,0,,1,,5.968707561,6.23557,40.40920639,9.20716095,53.96419144,1,1,1
114245,213,Moore & Van Allen,Charlotte North Carolina,South,2005,128000000,162,2332,226,34,10,15,100,162,226,60,60,120,565000,123,50500000,840000,555000,16500000,1.49000001,295000,33.90000153,,,3.769999981,39,235,51,40,11,12,5,1,1,6,0,0,3,,,235,0,3,0,1,3.162277699,1,0,0,0.046808511,0.170212761,0.029787235,18.6675415,0.216352746,13.64115715,5.420535088,13.24458122,17.73748398,0,,3,1,50,0,1,monthly,0,1,1,50,1,,5.420535088,11.30435,22.56637192,5.309734344,46.90265274,0,1,0
114200,214,Morgan Lewis,Philadelphia,Northeast,2005,804500000,1,35321,1176,341,32,31,95,16,1176,250,185,435,685000,79,250500000,1000000,780000,88000000,1.460000038,290000,34.47999954,,,4.699999809,31,1281,447,361,86,146,11,60,11,22,10,31,6,,,1281,0,6,0,6,5.656854153,0,0,0,0.067135051,0.281811088,0.088212334,20.50573158,0.259104311,13.81551075,7.069874287,13.43717384,19.33897018,0,,20,1,100,1,1,monthly,1,1,0,,1,,7.069874287,11.19558,38.01020432,12.41496563,63.01020432,1,1,1
114254,215,Morris Manning,Atlanta,South,2005,95500000,198,1465,161,11,9,7,100,198,161,67,8,75,595000,107,45000000,665000,635000,2500000,1.120000005,295000,33.90000153,,,2.380000114,47,170,57,43,14,12,7,3,1,6,2,0,0,,,170,0,4,0,0,3,1,0,0,0.082352944,0.252941191,0.052941177,18.3746376,0.286972016,13.40754223,5.081404209,13.2963171,17.62217331,0,,,,,,,,,,,,,,5.081404209,,35.40372467,7.453416348,53.41614914,0,0,0
114124,216,Morrison & Foerster,San Francisco,West,2005,687000000,1,65458,935,412,81,51,86,22,935,211,105,316,735000,60,222000000,1050000,835000,42000000,1.429999948,280000,35.70999908,,,4.429999828,32,1046,401,335,66,220,23,124,18,24,6,38,9,,,964,82,10,0,1,9,0,0,1,0.063097514,0.320267677,0.177820265,20.34784508,0.251192182,13.86430073,6.840546608,13.50762558,19.21818733,0,,19,1,100,1,1,quarterly,1,1,0,,1,,6.840546608,15.8516,42.88769913,23.52941132,66.20320892,1,1,0
114151,218,Munger Tolles and Olson,Los Angeles,West,2005,164000000,129,10940,190,76,58,40,100,129,190,89,0,89,865000,24,96500000,1085000,1085000,0,1.25,510000,19.61000061,,,2.130000114,59,169,49,38,11,25,15,8,6,1,2,6,2,,,169,0,11,0,0,7.615773201,0,0,1,0.065088756,0.22485207,0.088757396,18.91537666,0.255124986,13.89709091,5.247024059,13.67048454,18.38505363,0,,2,0,na,,1,as needed,1,,,,1,doesnt have an hourly requirement,5.247024059,7.18954,25.78947258,13.15789509,53.15789413,0,1,0
114128,220,Nelson Mullins,Columbia South Carolina,South,2005,169500000,124,21982,339,215,65,64,100,124,339,142,47,189,500000,153,67500000,475000,420000,11500000,0.949999988,235000,42.54999924,,,2.390000105,40,346,109,71,38,18,5,0,3,9,5,0,0,,,344,2,4,0,1,8.062257767,1,0,0,0.109826587,0.205202311,0.02601156,18.94836426,0.331400961,13.07106972,5.826000214,13.12236309,18.02763748,0,,9,1,100,1,1,quarterly,1,1,0,,1,,5.826000214,6.60377,32.15339279,5.309734344,44.24778748,0,1,0
114219,221,Nixon Peabody,Rochester,Northeast,2005,373500000,1,13646,622,126,22,20,100,64,622,232,100,332,600000,101,132500000,570000,500000,34000000,0.949999988,270000,37.04000092,,,2.680000067,35,663,199,146,53,69,10,22,1,24,5,16,1,,,663,0,2,0,0,4.690415859,0,0,0,0.079939671,0.220211163,0.093514331,19.73842812,0.282736033,13.25339127,6.432940006,13.30468464,18.70209312,0,,16,1,100,1,1,bimonthly,1,1,0,,1,,6.432940006,7.32759,31.99356842,11.09324741,46.62379456,1,1,1
114171,227,Orrick,San Francisco,West,2005,554000000,1,29275,723,190,50,32,82,35,723,149,130,279,765000,50,185000000,1240000,865000,57000000,1.620000005,335000,29.85000038,,,4.849999905,33,778,246,197,49,116,19,58,9,20,2,22,3,,,613,165,6,0,2,7.07106781,0,0,1,0.062982008,0.253213376,0.128534704,20.13267517,0.250962168,14.03062153,6.583409309,13.54763126,19.03586578,0,,16,1,100,1,1,regurlarly,1,1,0,,1,,6.583409309,14.46281,34.02489853,16.04426003,61.41078949,1,1,0
114112,230,Patterson Belknap,New York,Northeast,2005,141000000,149,15382,172,125,89,73,100,149,172,55,0,55,820000,32,62500000,1135000,1135000,0,1.379999995,365000,27.39999962,,,3.130000114,44,189,75,65,10,26,14,18,0,6,0,0,1,,,184,5,2,0,1,9.433980942,0,0,0,0.052910052,0.343915343,0.126984134,18.76427078,0.230021849,13.94214344,5.147494316,13.61705971,17.95067787,1,,,,,,,,,,,,,,5.147494316,8.88031,43.6046524,15.11627865,68.02326202,0,0,1
114272,231,Patton Boggs,Washington D.C.,Northeast,2005,222000000,1,27337,401,230,69,58,99,97,401,111,78,189,555000,130,68500000,620000,510000,27500000,1.120000005,240000,41.66999817,,,3.609999895,31,406,118,84,34,40,10,8,1,14,5,5,3,,,406,0,5,1,3,8.306623459,0,0,0,0.08374384,0.206896558,0.066502459,19.21818733,0.289385289,13.33747482,5.993961334,13.22672367,18.04234505,0,,7,1,.,0,1,bimonthly,1,1,0,,1,says no person but there is a public service counsel encourages 100 hours,5.993961334,4.22535,29.42643547,9.97506237,52.86782837,1,1,1
114181,232,Paul Hastings,Los Angeles,West,2005,667000000,1,28766,871,235,40,33,82,23,871,191,37,228,765000,50,253000000,1325000,1205000,21500000,1.730000019,315000,31.75,,,4.559999943,38,1002,385,345,40,118,14,63,5,20,6,16,6,,,828,174,7,0,2,6.324555397,0,0,1,0.039920159,0.344311386,0.098802395,20.31830025,0.199800298,14.09692287,6.769641876,13.54763126,19.34889984,0,,17,1,40,0,1,twice a year,1,1,,,1,,6.769641876,9.52381,44.20206451,13.54764748,73.82318878,1,1,0
114273,233,Paul Weiss,New York,Northeast,2005,563000000,1,39449,546,234,76,45,95,32,546,103,0,103,1030000,7,255000000,2475000,2475000,0,2.400000095,465000,21.51000023,,,5.300000191,45,653,266,248,18,138,23,69,6,37,3,22,1,,,600,53,10,0,0,8.717798233,0,0,0,0.027565084,0.379785597,0.196018383,20.14879036,0.166027367,14.72175121,6.30261898,13.84506893,19.35677338,1,,6,1,13,0,1,as needed,1,1,0,,,bonuses not tied to hours,6.30261898,11.70635,48.71794891,25.27472687,81.13552856,1,1,1
114139,235,Pepper Hamilton,Philadelphia,Northeast,2005,231000000,1,24051,387,172,62,44,100,90,387,123,45,168,600000,101,77000000,625000,535000,13000000,1.039999962,230000,43.47999954,,,3.150000095,33,435,131,105,26,27,6,7,3,11,2,3,0,,,435,0,3,0,1,7.874007702,0,0,0,0.059770115,0.241379306,0.048275862,19.25792885,0.244479269,13.34550667,5.958424568,13.30468464,18.15931511,0,,,,,,,,,,,,,,5.958424568,10.26253,33.85013199,6.976744652,56.58914566,1,0,1
114175,236,Perkins Coie,Seattle,West,2005,318000000,1,23367,555,210,42,38,100,69,555,152,140,292,575000,118,92500000,610000,460000,41500000,1.059999943,240000,41.66999817,,,3.640000105,29,585,178,126,52,56,10,29,7,7,3,7,2,,,584,1,4,0,1,6.480740547,0,0,1,0.088888891,0.215384617,0.073504277,19.57756233,0.298142403,13.32121468,6.318968296,13.26212502,18.34272003,0,,14,1,66,0,1,bimonthly,1,1,1,50,1,,6.318968296,7.07071,32.07207489,10.09009075,47.38739014,1,1,0
114161,240,Pillsbury Winthrop,San Francisco,West,2005,574000000,1,42705,862,304,51,36,98,30,862,128,247,375,665000,85,98000000,765000,545000,106000000,1.149999976,235000,42.54999924,,,6.730000019,17,859,301,215,86,131,16,61,14,27,4,15,8,,,839,20,8,2,0,7.141428471,0,0,1,0.100116417,0.250291049,0.119906865,20.16814041,0.316411793,13.54763126,6.759255409,13.40754223,18.40047836,0,,16,1,.,0,1,as needed,1,1,0,,1,,6.759255409,32.71676,34.91879272,15.19721603,56.49651718,1,1,0
114268,244,Porter Wright,Columbus,Midwest,2005,131000000,157,0,315,0,0,0,100,157,315,115,41,156,415000,188,42500000,370000,315000,6500000,0.889999986,155000,64.51999664,,,2.74000001,32,315,87,62,25,29,9,8,1,12,4,4,0,,,314,1,3,0,0,,0,1,0,0.079365082,0.1968254,0.076190479,18.69070816,0.281718075,12.82125854,5.752572536,12.9360342,17.56501389,0,,6,1,10,0,1,quarterly,1,1,0,,1,,5.752572536,1.55039,27.61904907,9.206349373,50.47619247,0,1,0
114178,245,Powell Goldstein,Atlanta,South,2005,121000000,171,9586,249,93,39,37,100,171,249,72,35,107,485000,161,33500000,465000,395000,8500000,0.959999979,170000,58.81999969,,,3.460000038,28,297,131,100,31,41,14,10,1,18,5,4,1,,,297,0,7,2,0,6.244997978,1,0,0,0.104377106,0.33670035,0.107744105,18.61130142,0.32307446,13.04979229,5.517452717,13.09190464,17.32705688,0,,,,,,,,,,,,,,5.517452717,-4.34783,52.6104393,16.46586418,57.02811432,0,0,0
114146,246,Preston Gates and Ellis,Seattle,West,2005,196000000,106,17306,380,165,52,49,88,106,380,115,84,199,515000,146,47000000,410000,340000,21000000,0.800000012,180000,55.56000137,,,3.299999952,24,428,162,104,58,36,10,14,7,5,2,6,1,,,380,48,6,1,0,7.211102486,0,0,1,0.135514021,0.242990658,0.058411215,19.09362602,0.36812228,12.92391205,5.940171242,13.15192223,17.66565895,0,,11,1,50,0,1,monthly,1,1,1,50,1,,5.940171242,7.69231,42.63157654,9.473684311,47.63158035,0,1,0
114152,247,Proskauer Rose,New York,Northeast,2005,453500000,1,35254,609,225,59,37,99,47,609,155,7,162,745000,58,189500000,1220000,1190000,4000000,1.639999986,315000,31.75,,,3.930000067,42,661,243,222,21,70,11,26,0,20,2,19,2,,,632,29,2,0,1,7.681145668,0,0,0,0.031770047,0.335854769,0.098335855,19.93250656,0.178241536,14.01436138,6.411818504,13.52113914,19.05990028,1,,8,1,.,0,1,as needed,1,1,0,,1,,6.411818504,14.81013,39.90147781,11.49425316,73.3990097,1,1,1
114157,248,Quarles & Brady,Milwaukee,Midwest,2005,183000000,116,16533,391,198,42,51,100,116,391,202,38,240,470000,168,72500000,360000,335000,8000000,0.769999981,205000,48.77999878,,,1.940000057,40,412,117,70,47,33,8,9,1,6,4,7,4,,,412,0,4,0,2,6.480740547,0,1,0,0.114077672,0.169902906,0.053398058,19.0249958,0.337753862,12.79385948,5.968707561,13.06048775,18.0990963,0,,6,1,40,0,0,na,1,1,0,,1,,5.968707561,2.23464,29.92327499,8.439897537,38.618927,0,1,0
114201,250,Reed Smith,Pittsburgh,Northeast,2005,562500000,1,23888,913,284,28,34,92,33,913,214,237,451,615000,98,171500000,800000,530000,68000000,1.299999952,260000,38.45999908,,,4.260000229,30,998,318,232,86,123,14,55,12,34,6,12,4,,,898,100,5,0,0,5.291502476,0,0,0,0.086172342,0.232464924,0.101202406,20.14790154,0.293551266,13.59236717,6.816735744,13.32937717,18.96009445,0,,18,1,100,1,1,1.5 month,1,1,1,60,1,,6.816735744,11.71797,34.83023071,13.47206974,50.60241318,1,1,1
114115,256,Robins Kaplan,Minneapolis,Midwest,2005,175000000,120,22622,245,147,93,60,100,120,245,103,9,112,715000,66,79000000,765000,725000,2500000,1.070000052,330000,30.29999924,,,2.369999886,45,262,87,73,14,32,12,9,1,13,4,4,1,,,262,0,5,0,0,9.643651009,0,1,0,0.053435113,0.278625965,0.099236645,18.98029709,0.231160358,13.54763126,5.501258373,13.48003769,18.1849575,0,,6,1,extensive time,0,1,2-3x,1,1,0,,,hours not counted toward bonus,5.501258373,6.70732,35.51020432,13.06122398,54.28571701,0,1,0
114166,257,Robinson & Cole,Hartford,Northeast,2005,96000000,196,9047,207,84,44,41,100,196,207,77,15,92,465000,173,33500000,435000,390000,2500000,0.939999998,175000,57.13999939,,,2.690000057,35,220,86,73,13,9,4,6,0,0,1,2,0,,,220,0,1,0,0,6.63324976,0,0,0,0.059090909,0.331818193,0.036363635,18.37985802,0.243086219,12.98310089,5.332718849,13.04979229,17.32705688,0,,8,1,10,0,1,quarterly,1,1,0,,1,,5.332718849,-1.03093,41.54589462,4.347826004,55.55555725,0,1,1
114185,259,Ropes & Gray,Boston,Northeast,2005,558000000,1,27825,664,195,42,29,100,34,664,222,0,222,840000,30,240500000,1080000,1080000,0,1.289999962,360000,27.78000069,,,2.99000001,43,716,255,205,50,82,12,48,9,9,4,5,6,,,691,25,8,0,1,6.480740547,0,0,0,0.069832399,0.286312848,0.086592175,20.13986969,0.264258206,13.89247131,6.498281956,13.64115715,19.29823112,0,,5,1,100,1,1,regularly,1,1,0,,1,,6.498281956,37.94808,38.40361404,12.34939766,66.56626129,1,1,1
114282,264,Saul Ewing,Philadelphia,Northeast,2005,115000000,179,7080,241,152,29,63,100,179,241,98,41,139,480000,164,38000000,390000,355000,11000000,0.810000002,205000,48.77999878,,,2.470000029,33,245,79,49,30,19,8,5,1,8,1,2,1,,,245,0,3,1,0,5.385164738,0,0,0,0.122448981,0.200000003,0.06122449,18.56044197,0.349927098,12.87390232,5.484797001,13.08154106,17.45309639,0,,8,1,100,1,1,bimonthly,1,1,1,25,1,,5.484797001,1.76991,32.7800827,7.883817673,42.32365036,0,1,1
114148,265,Schiff Hardin,Chicago,Midwest,2005,179000000,118,16614,312,143,53,46,100,118,312,103,79,182,575000,118,70500000,685000,530000,25500000,1.190000057,310000,32.25999832,,,3.019999981,39,350,110,71,39,24,7,8,0,8,1,6,1,,,349,1,1,0,0,7.280109882,0,1,0,0.111428574,0.202857137,0.062857144,19.00289726,0.333809197,13.43717384,5.743003368,13.26212502,18.07112312,0,,6,1,7,0,1,informally as needed,1,1,0,,1,two partners run the committee and adminster the program very part time,5.743003368,4.98534,35.25640869,7.692307949,41.66666412,0,1,0
114193,267,Schulte Roth,New York,Northeast,2005,321000000,1,13059,371,117,36,32,98,67,371,76,1,77,865000,24,144500000,1900000,1885000,500000,2.200000048,390000,25.63999939,,,4.880000114,45,406,132,123,9,44,12,22,2,9,0,8,2,,,376,30,5,0,1,6,0,0,0,0.022167487,0.302955657,0.096059114,19.58695221,0.1488875,14.45736408,5.916202068,13.67048454,18.78878975,1,,2,1,100,1,1,quarterly,1,1,0,,1,,5.916202068,9.93151,35.57951355,11.85983753,79.24528503,1,1,1
114224,268,Sedgwick Detert,San Francisco,West,2005,156500000,135,6468,346,60,19,17,100,135,346,66,40,106,450000,178,42000000,635000,485000,9000000,1.409999967,150000,66.66999817,,,5.269999981,27,309,120,101,19,46,15,28,1,5,1,8,1,,,305,4,3,0,2,4.358899117,0,0,1,0.061488673,0.326860845,0.132686079,18.86856651,0.247969091,13.36138058,5.846438885,13.01700306,17.55318069,0,,11,1,.,0,1,monthly,1,1,1,25,1,,5.846438885,6.46259,34.68207932,13.2947979,69.36415863,0,1,0
114227,269,Seyfarth Shaw,Chicago,Midwest,2005,336500000,1,9140,633,118,15,19,100,66,633,215,93,308,530000,140,129500000,600000,490000,22000000,1.129999995,240000,41.66999817,,,2.940000057,38,641,203,151,52,63,10,25,2,14,4,14,2,,,641,0,3,1,1,3.872983456,0,1,0,0.081123248,0.235569417,0.08268331,19.6341095,0.284821421,13.30468464,6.450470448,13.18063259,18.67919159,0,,,,,,,,,,,,,,6.450470448,7.50799,32.06951141,9.952607155,51.34280777,1,0,0
114114,271,Shearman & Sterling,New York,Northeast,2005,835000000,1,31768,842,357,73,82,52,13,842,190,18,208,990000,11,263000000,1385000,1335000,15000000,1.399999976,330000,30.29999924,,,4.429999828,31,1013,368,339,29,108,19,61,5,23,1,15,3,,,568,445,7,0,0,8.544003487,0,0,0,0.028627839,0.334649563,0.097729519,20.54294205,0.169197634,14.14121056,6.735780239,13.80545998,19.38766479,1,,19,1,100,1,1,regularly/daily via email,1,,,,,hours not counted in firm,6.735780239,7.74194,43.70546341,12.82660389,75.29691315,1,1,1
114225,272,Sheppard Mullin,Los Angeles,West,2005,264000000,1,6221,372,70,17,19,100,77,372,128,31,159,710000,69,100500000,785000,725000,15000000,1.110000014,310000,32.25999832,,,2.920000076,38,378,139,114,25,48,13,19,3,7,4,8,6,,,368,10,8,0,1,4.123105526,0,0,1,0.066137567,0.301587313,0.08994709,19.39146042,0.257172257,13.57343864,5.918893814,13.47302055,18.42566872,0,,9,1,10,0,1,quarterly,1,1,1,50,1,,5.918893814,14.78261,37.36559296,12.90322495,57.25806427,1,1,0
114188,273,Shook Hardy,Kansas City Missouri,Midwest,2005,246000000,1,18166,471,142,39,31,98,85,471,96,82,178,520000,143,50000000,520000,400000,21000000,1,150000,66.66999817,,,4.909999847,20,493,177,140,37,50,10,9,2,11,3,18,6,,,493,0,7,1,0,6.244997978,0,1,0,0.075050712,0.283975661,0.07707911,19.32084274,0.273953855,13.1615839,6.154858112,13.1615839,17.72753334,0,,,,,,,,,,,,,,6.154858112,-2.57426,37.57961655,10.61571121,62.20806885,1,0,0
114179,274,Sidley Austin,National,,2005,1124000000,1,50850,1454,447,40,35,87,5,1454,309,277,586,775000,46,381500000,1235000,890000,140500000,1.590000033,360000,27.78000069,,,4.710000038,34,1584,541,431,110,182,13,82,25,38,8,23,4,,,1397,187,7,1,1,6.324555397,0,0,0,0.069444448,0.272095948,0.090277776,20.84016037,0.263523132,14.02658176,7.282073498,13.5606184,19.75962067,0,,15,1,50,0,1,monthly,1,1,0,,1,,7.282073498,9.17921,37.20770264,12.51719475,59.69738388,1,1,0
114279,277,Simpson Thacher,New York,Northeast,2005,727000000,1,33474,647,240,57,41,90,20,647,155,0,155,1125000,6,367000000,2370000,2370000,0,2.109999895,565000,17.70000076,,,4.170000076,50,700,233,213,20,120,22,75,3,11,2,24,0,,,619,81,3,0,5,7.549834251,0,0,0,0.028571429,0.304285705,0.157142863,20.40443611,0.169030845,14.67840004,6.472346306,13.93329334,19.72087288,1,,7,1,varies,0,1,bimonthly; daily via email,1,1,0,,,hours not counted toward bonuses,6.472346306,5.20984,36.01236343,18.54714012,76.04328156,1,1,1
114142,279,Skadden,New York,Northeast,2005,1610000000,1,86465,1616,595,62,42,87,1,1616,377,0,377,995000,10,720000000,1910000,1910000,0,1.919999957,445000,22.46999931,,,4.289999962,45,1790,599,536,63,249,15,128,11,58,5,37,7,,,1639,151,6,0,3,7.874007702,0,0,0,0.035195529,0.299441338,0.124581009,21.19949913,0.18760471,14.46261406,7.387709141,13.81049824,20.39476204,1,,22,1,100,1,1,several,1,1,0,,1,,7.387709141,11.80556,37.0668335,15.40841579,76.67079163,1,1,1
114205,284,Snell & Wilmer,Phoenix,West,2005,187000000,113,9818,400,121,25,30,100,113,400,71,97,168,470000,168,45000000,635000,465000,33000000,1.350000024,195000,51.27999878,,,5.630000114,24,426,123,93,30,27,6,7,0,2,0,8,6,,,426,0,4,0,4,5,0,0,1,0.070422538,0.218309864,0.039906103,19.04661942,0.265372455,13.36138058,5.991464615,13.06048775,17.62217331,0,,6,0,na,,1,twice a year,1,1,0,,1,,5.991464615,14.72393,30.75,6.750000477,58,0,1,0
114133,285,Sonnenschein,Chicago,Midwest,2005,448000000,1,40438,662,370,61,56,100,48,662,170,161,331,675000,83,136000000,800000,560000,50000000,1.190000057,280000,35.70999908,,,3.900000095,30,692,242,157,85,89,13,31,10,23,9,11,4,,,678,14,7,0,1,7.810249805,0,1,0,0.122832373,0.226878613,0.093930639,19.92030334,0.350474507,13.59236717,6.495265484,13.42246819,18.72816467,0,,9,1,100,1,1,monthly,1,1,1,100,1,says no cap but mentions that 100 hours are credited,6.495265484,9.00243,36.55589294,13.44410896,50,1,1,0
114284,287,Squire Sanders,Cleveland,Midwest,2005,410000000,1,28200,680,107,52,20,79,55,680,168,90,258,605000,100,105000000,625000,510000,27000000,1.029999971,195000,51.27999878,,,4.050000191,26,805,261,218,43,83,14,21,11,17,8,15,9,,,617,188,11,1,1,7.211102486,0,1,0,0.053416148,0.270807445,0.065838508,19.83166695,0.231119335,13.34550667,6.522092819,13.31298351,18.46947098,0,,27,1,10,0,1,as needed,1,1,0,,1,,6.522092819,4.19314,38.38235474,12.20588207,62.05882263,1,0,0
114118,290,Steptoe & Johnson,Washington D.C.,Northeast,2005,258500000,1,23848,344,203,76,65,91,78,344,127,0,127,750000,52,108500000,855000,855000,0,1.139999986,315000,31.75,,,2.710000038,42,430,131,106,25,38,10,11,3,8,2,11,1,,,396,34,5,0,2,8.717798233,0,0,0,0.058139537,0.246511623,0.069767445,19.3704071,0.241121411,13.65885639,5.840641499,13.52782822,18.50226021,0,,6,1,100,1,1,quarterly,1,1,0,,1,says no cap but in the notes it says 100 hours are credited,5.840641499,11.1828,38.0813942,11.04651165,63.0813942,1,1,1
114255,291,Stinson Morrison,Kansas City Missouri,Midwest,2005,118500000,174,2354,301,11,8,4,100,174,301,130,64,194,395000,193,45500000,350000,295000,11500000,0.889999986,190000,52.63000107,,,2.309999943,38,321,,,,14,4,4,2,1,2,2,0,,,321,0,3,2,1,2.828427076,0,1,0,,,0.021806853,18.59042358,,12.7656889,5.707110405,12.8866415,17.63322258,0,,,,,,,,,,,,,,5.707110405,3.94737,,4.651162624,35.548172,0,0,0
114213,293,Stoel Rives,Portland,West,2005,164500000,127,7103,331,88,22,27,100,127,331,145,52,197,495000,157,62000000,425000,370000,11000000,0.860000014,220000,45.45000076,,,2.279999971,38,344,97,67,30,12,4,3,0,2,1,3,1,,,344,0,1,0,2,4.690415859,0,0,1,0.087209299,0.194767445,0.023255814,18.91842079,0.295312196,12.95984459,5.802118301,13.11231327,17.94264412,0,,,,,,,,,,,,,,5.802118301,2.49221,29.30513573,3.625377655,40.48338318,0,0,0
114160,296,Stroock & Stroock,New York,Northeast,2005,258000000,1,15268,330,136,46,41,100,79,330,96,0,96,780000,42,110000000,1145000,1145000,0,1.470000029,335000,29.85000038,,,3.440000057,43,361,131,118,13,50,14,20,0,13,0,13,4,,,357,4,4,0,0,6.782330036,0,0,0,0.036011081,0.326869816,0.127423823,19.36846924,0.189765856,13.95091534,5.79909277,13.56704903,18.51599121,1,,3,1,100,1,1,regularly via email,1,1,0,,1,,5.79909277,8.40336,39.69697189,15.15151596,70.90908813,1,1,1
114172,297,Sullivan & Cromwell,New York,Northeast,2005,875000000,1,21123,538,123,52,30,76,11,538,158,0,158,1625000,2,380500000,2410000,2410000,0,1.480000019,705000,14.18000031,,,3.410000086,43,627,184,164,20,63,12,40,0,10,1,6,5,,,516,111,4,0,1,7.211102486,0,0,0,0.031897925,0.261563003,0.089314193,20.58973503,0.178599909,14.69513702,6.287858486,14.30101871,19.75699615,1,,12,1,60,0,1,as needed,1,1,0,,,the firm doesn't really separate its hours and didn't enter info for bonus,6.287858486,5.04202,34.20074463,11.71003723,70.63196564,1,1,1
114136,299,Sutherland Asbill,Atlanta,South,2005,222000000,1,22259,374,190,60,51,100,97,374,112,30,142,595000,107,89000000,800000,715000,12000000,1.340000033,270000,37.04000092,,,3.349999905,40,429,131,104,27,28,7,11,0,11,5,1,0,,,429,0,3,0,0,7.745966911,1,0,0,0.062937066,0.24242425,0.053613052,19.21818733,0.250872612,13.59236717,5.924255848,13.2963171,18.30414772,0,,6,1,80,0,1,quarterly,1,1,0,,1,,5.924255848,18.4,35.02673721,7.486630917,62.03208542,1,1,0
114283,300,Swidler Berlin,Washington D.C.,Northeast,2005,101500000,189,5713,129,56,44,43,100,189,129,35,20,55,785000,41,38500000,1095000,820000,7000000,1.389999986,350000,28.56999969,,,3.700000048,38,138,45,34,11,12,9,2,1,5,1,2,1,,,138,0,5,0,0,6.63324976,0,0,0,0.079710148,0.246376812,0.065217391,18.43556976,0.282329857,13.90626526,4.85981226,13.57343864,17.46616936,0,,,,,,,,,,,,,,4.85981226,-34.30421,34.8837204,9.302325249,57.36433792,0,0,1
114293,303,Thacher Proffitt,New York,Northeast,2005,157000000,133,6300,225,48,29,22,95,133,225,56,0,56,700000,74,73000000,1305000,1305000,0,1.860000014,325000,30.77000046,,,4.019999981,46,274,89,81,8,37,14,18,1,5,3,8,1,,,264,10,8,0,1,5.385164738,0,0,0,0.02919708,0.295620441,0.113138683,18.8717556,0.170871526,14.08171368,5.416100502,13.4588356,18.10597038,1,,,,,,,,,,,,,,5.416100502,24.60317,39.55555725,16.44444466,75.11110687,0,0,1
114209,304,Thelen Reid,San Francisco,West,2005,278000000,1,11749,392,83,30,21,99,75,392,105,64,169,710000,69,89000000,850000,685000,27000000,1.200000048,295000,33.90000153,,,3.730000019,32,421,,,,51,12,18,4,8,3,14,3,,,421,0,5,0,1,5.47722578,0,0,1,,,0.095011875,19.4431324,,13.65299129,5.971261978,13.47302055,18.30414772,0,,6,,.,,1,.,1,1,1,100,1,associates get 50 percent credit up to 100 hours; all others have to be approved,5.971261978,15.83333,,13.01020432,56.88775635,1,1,0
114237,306,Thompson & Knight,Dallas,South,2005,172000000,121,3386,332,53,11,18,91,121,332,99,75,174,520000,143,66500000,670000,505000,21500000,1.289999962,265000,37.74000168,,,3.349999905,39,421,118,80,38,36,10,4,1,10,3,8,7,,,362,59,7,1,2,3.31662488,1,0,0,0.090261281,0.19002375,0.052256532,18.96300507,0.300435156,13.41503334,5.805134773,13.1615839,18.01271248,0,,12,1,5,0,1,as needed,1,1,1,25,1,,5.805134773,12.05212,35.54216766,10.84337425,47.59035873,0,1,0
114206,307,Thompson Coburn,St. Louis,Midwest,2005,120500000,172,8655,272,61,32,22,100,172,272,129,26,155,445000,181,52500000,405000,375000,5500000,0.910000026,215000,46.50999832,,,2.109999895,44,294,83,55,28,14,5,1,0,7,3,3,0,,,293,1,2,0,0,5.656854153,0,1,0,0.095238097,0.187074825,0.037414964,18.60716057,0.308606714,12.91164207,5.605802059,13.00582981,17.77632332,0,,,,,,,,,,,,,,5.605802059,4.329,30.51470566,5.147058964,43.01470566,0,0,0
114220,308,Thompson Hine,Cleveland,Midwest,2005,159500000,131,7576,356,73,22,21,99,131,356,121,51,172,450000,178,55000000,455000,380000,11000000,1.00999999,185000,54.04999924,,,2.940000057,34,376,109,76,33,22,6,5,1,8,4,2,2,,,375,1,4,0,0,4.690415859,0,1,0,0.087765954,0.202127665,0.039893616,18.88755417,0.296253204,13.02805233,5.874930859,13.01700306,17.82284355,0,,,,,,,,,,,,,,5.874930859,15.16245,30.61797714,6.179775238,51.68539429,0,0,0
114249,309,Townsend and Townsend,San Francisco,West,2005,146000000,145,1705,165,15,10,9,100,145,165,48,28,76,885000,22,65000000,1355000,980000,9500000,1.529999971,450000,22.21999931,,,3.440000057,45,167,33,21,12,36,22,25,8,0,2,1,0,,,164,3,13,0,0,3.162277699,0,0,1,0.07185629,0.1257485,0.155688629,18.79911804,0.268060237,14.11931229,5.105945587,13.69334316,17.98989868,0,,,,,,,,,,,,,,5.105945587,43.13726,20,21.81818199,53.9393959,0,0,0
114199,311,Troutman Sanders,Atlanta,South,2005,249000000,1,13022,501,177,27,36,98,83,501,130,103,233,495000,157,71000000,550000,425000,27500000,1.110000014,195000,51.27999878,,,3.849999905,29,606,190,148,42,52,9,16,1,25,7,2,1,,,599,7,3,0,0,5.19615221,1,0,0,0.069306932,0.244224429,0.070957094,19.33296394,0.263262093,13.2176733,6.21660614,13.11231327,18.07818985,0,,,,,,,,,,,,,,6.21660614,20.58111,37.92415237,10.37924099,53.49301147,1,0,0
114243,312,Vedder Price,Chicago,Midwest,2005,132000000,156,2005,200,32,10,16,100,156,200,122,0,122,660000,87,75000000,615000,615000,0,0.930000007,375000,26.67000008,,,1.639999986,57,214,,,,11,5,7,0,0,1,2,1,,,214,0,2,0,0,3.162277699,0,1,0,,,0.042056076,18.69831276,,13.32937717,5.298317432,13.39999485,18.13299942,0,,,,,,,,,,,,,,5.298317432,4.7619,,5.5,39,0,0,0
114281,313,Venable,Washington D.C.,Northeast,2005,239500000,1,20619,407,178,51,44,100,86,407,139,74,213,590000,113,82000000,595000,480000,20000000,1.00999999,250000,40,,,2.940000057,34,442,150,108,42,40,9,9,1,16,6,3,5,,,441,1,6,0,0,7.141428471,0,0,0,0.095022626,0.244343892,0.06334842,19.29406357,0.308257401,13.2963171,6.008813381,13.28787804,18.222229,0,,6,1,100,1,1,quarterly,1,0,,,1,,6.008813381,8.12641,36.85503769,9.828009605,47.66584778,1,1,1
114174,316,Vinson & Elkins,Houston,South,2005,510000000,1,27450,645,220,45,36,94,39,645,228,58,286,790000,39,244000000,1070000,940000,24000000,1.350000024,415000,24.10000038,,,2.829999924,48,725,213,161,52,76,11,19,1,23,4,18,8,,,725,0,4,0,3,6.708203793,1,0,0,0.071724139,0.222068965,0.08275862,20.04992104,0.267813623,13.88316917,6.469250202,13.57978821,19.31267929,0,,11,1,not entered,,1,quarterly,1,1,1,150,1,,6.469250202,12.08791,33.02325439,11.78294563,55.65891266,1,1,0
114234,317,Vorys Sater,Columbus,Midwest,2005,146000000,145,4182,350,68,12,19,100,145,350,169,0,169,415000,188,67500000,400000,400000,0,0.959999979,195000,51.27999878,,,2.069999933,46,350,97,72,25,21,6,4,0,8,7,2,0,,,350,0,4,0,0,3.464101553,0,1,0,0.071428575,0.205714285,0.039999999,18.79911804,0.267261237,12.89921951,5.857933044,12.9360342,18.02763748,0,,6,1,.,0,1,periodically,0,1,0,,,,5.857933044,2.8169,27.7142849,6,51.71428299,0,1,0
114269,318,Wachtell,New York,Northeast,2005,443000000,1,0,185,0,0,0,100,49,185,76,0,76,2395000,1,288000000,3790000,3790000,0,1.580000043,1555000,6.429999828,,,2.430000067,65,208,39,30,9,22,11,10,1,4,1,5,1,,,208,0,4,0,0,,0,0,0,0.043269232,0.144230768,0.091346152,19.90908051,0.208012581,15.14787674,5.220355988,14.68889332,19.47847176,1,,1,1,.,0,,.,,,,,,,5.220355988,2.78422,21.08108139,11.89189148,58.91891861,1,0,1
114129,320,Weil Gotshal,New York,Northeast,2005,1016500000,1,59800,1066,435,73,53,77,7,1066,197,92,289,955000,13,360500000,1830000,1535000,82500000,1.919999957,415000,24.10000038,,,5.409999847,35,1147,393,345,48,143,16,70,5,26,6,31,5,,,872,275,6,0,0,8.544003487,0,0,0,0.041848298,0.300784647,0.11072363,20.73963165,0.204568565,14.41982651,6.97166872,13.7694664,19.70300293,1,,20,1,100,1,1,every six weeks,1,1,0,,1,said there is a cap but there is no info on max number. So I don't think there really is a cap for counting.,6.97166872,12.32044,36.86679459,13.4146347,72.88930511,1,1,1
114167,321,White & Case,New York,Northeast,2005,1046000000,1,33271,1744,263,47,37,41,6,1744,270,82,352,600000,101,334000000,1240000,1075000,45000000,2.069999933,215000,46.50999832,,,6.46999979,32,1983,558,487,71,119,14,53,6,19,1,32,7,,,850,1133,13,0,1,6.855654716,0,0,0,0.035804335,0.245587498,0.052445788,20.76823997,0.189220339,14.03062153,7.463936806,13.30468464,19.62665176,1,,40,1,100,1,1,biweekly via email six times per year otherwise,1,1,0,,1,,7.463936806,9.75866,31.99541283,6.823394299,79.81651306,1,1,1
114210,323,Wildman Harrold,Chicago,Midwest,2005,98000000,193,4210,185,52,23,28,100,193,185,41,47,88,530000,140,22000000,535000,410000,14500000,1.00999999,195000,51.27999878,,,4.510000229,22,207,66,50,16,20,10,7,1,5,2,4,1,,,207,0,4,0,0,4.79583168,0,1,0,0.077294685,0.241545901,0.077294685,18.40047836,0.27801922,13.19002247,5.220355988,13.18063259,16.90655327,0,,,,,,,,,,,,,,5.220355988,3.7037,35.67567444,10.81081104,52.43243027,0,0,0
114292,325,Wiley Rein,Washington D.C.,Northeast,2005,151000000,140,6396,260,80,25,31,100,140,260,62,58,120,580000,116,48500000,785000,700000,35500000,1.350000024,325000,30.77000046,,,4.190000057,32,253,78,54,24,18,7,7,4,3,2,2,0,,,251,2,5,0,0,5,0,0,0,0.094861656,0.213438734,0.047430828,18.83279037,0.307996184,13.57343864,5.56068182,13.27078342,17.69707489,0,,2,0,na,,1,regularly by email,1,0,,,1,,5.56068182,7.85714,30.00000191,6.923077106,53.84615707,0,1,1
114304,326,Williams and Connolly,Washington D.C.,Northeast,2005,187000000,113,0,200,0,0,0,100,113,200,90,0,90,935000,17,78500000,870000,870000,0,0.930000007,390000,25.63999939,,,2.220000029,42,230,61,45,16,23,10,9,1,7,3,1,2,,,227,3,7,0,0,,0,0,0,0.069565214,0.195652172,0.073913045,19.04661942,0.263752192,13.67624855,5.298317432,13.74830151,18.17860985,0,,1,0,na,,1,monthly,1,1,0,,,,5.298317432,4.7619,30.5,11.5,55,0,1,1
114251,327,Williams Mullen,Richmond,South,2005,102500000,186,2060,214,19,10,9,100,186,214,91,27,118,480000,164,41500000,455000,410000,6500000,0.949999988,225000,44.43999863,,,2.359999895,40,233,50,31,19,13,6,6,0,3,1,1,2,,,233,0,2,0,0,3.162277699,1,0,0,0.081545062,0.133047208,0.042918455,18.44537354,0.285560966,13.02805233,5.365975857,13.08154106,17.54120445,0,,,,,,,,,,,,,,5.365975857,7.89474,23.36448669,6.074766636,44.85980988,0,0,0
114159,328,Willkie Farr,New York,Northeast,2005,443000000,1,20173,516,158,50,39,78,49,516,123,0,123,860000,26,220000000,1790000,1790000,0,2.079999924,425000,23.53000069,,,4.199999809,50,594,179,166,13,69,15,31,5,21,0,8,3,,,471,123,7,0,1,7.07106781,0,0,0,0.021885522,0.279461265,0.101010099,19.90908051,0.147937566,14.39772606,6.246106625,13.66468811,19.20913887,1,,8,1,10,0,1,as needed,1,1,0,,,hours not counted in bonuses,6.246106625,6.49038,34.68992233,13.3720932,76.16278839,1,1,1
114107,329,Wilmer Cutler,Washington D.C.,Northeast,2005,815000000,1,99710,964,523,120,63,87,14,964,325,0,325,845000,28,297500000,915000,915000,0,1.080000043,310000,32.25999832,,,2.970000029,37,1151,435,374,61,114,11,54,5,28,11,13,2,,,1014,137,6,0,1,10.95445156,0,0,0,0.052997395,0.32493484,0.082536921,20.51869774,0.23021163,13.7266798,6.871091366,13.64709187,19.51092529,0,,13,1,100,1,1,quarterly,1,1,0,,1,,6.871091366,8.59427,45.1244812,11.82572651,66.28630829,1,1,1
114194,330,Wilson Sonsini,Palo Alto,West,2005,412000000,1,22333,548,148,41,27,100,54,548,148,0,148,750000,52,145000000,980000,980000,0,1.309999943,265000,37.74000168,,,3.700000048,35,598,163,135,28,117,20,65,17,9,3,15,8,,,585,13,18,0,0,6.403124332,0,0,1,0.046822742,0.225752503,0.14882943,19.8365345,0.216385633,13.79530811,6.306275368,13.52782822,18.79224396,0,,8,1,33,0,1,monthly,1,1,0,,1,,6.306275368,9.13907,29.74452591,21.35036469,72.99269867,1,1,0
114270,331,Wilson Elser,New York,Northeast,2005,255000000,1,0,777,0,0,0,100,81,777,140,114,254,330000,199,109000000,775000,525000,25000000,2.349999905,170000,58.81999969,,,5.550000191,43,806,,,,96,12,37,4,27,4,22,2,,,806,0,4,0,0,,0,0,0,,,0.10669975,19.35677338,,13.5606184,6.655440331,12.70684814,18.50685883,1,,,,,,,,,,,,,,6.655440331,14.86486,,12.35521221,67.31016541,1,0,1
114247,332,Winstead Sechrest,Dallas,South,2005,143000000,148,3109,276,37,11,13,100,148,276,94,62,156,520000,143,50000000,530000,435000,18000000,1.019999981,245000,40.81999969,,,2.940000057,35,308,71,55,16,27,9,1,2,6,1,7,8,,,308,0,8,2,0,3.31662488,1,0,0,0.051948052,0.178571433,0.045454547,18.77835464,0.227921158,13.18063259,5.620400906,13.1615839,17.72753334,0,,7,1,5,0,1,as needed,1,1,1,150,1,,5.620400906,2.14286,25.72463799,9.782608986,43.47826004,0,1,0
114154,333,Winston & Strawn,Chicago,Midwest,2005,571000000,1,37387,796,337,50,45,94,31,796,183,217,400,715000,66,204000000,1115000,675000,66000000,1.559999943,340000,29.40999985,,,4.349999905,36,882,271,198,73,104,12,33,8,25,9,19,10,,,836,46,7,0,0,7.07106781,0,1,0,0.082766443,0.224489793,0.08730159,20.16289902,0.287691563,13.92436504,6.679599285,13.48003769,19.13363075,0,,9,1,100,1,1,quarterly,1,1,1,35,1,,6.679599285,10.55179,34.04522705,13.06532669,49.74874115,1,1,0
114215,335,Wolf Block,Philadelphia,Northeast,2005,145000000,147,6338,282,64,23,23,100,147,282,83,72,155,515000,146,37000000,450000,355000,17500000,0.870000005,195000,51.27999878,,,3.410000086,26,332,97,70,27,11,4,2,2,5,1,1,0,,,332,0,2,0,0,4.79583168,0,0,0,0.0813253,0.210843369,0.024096385,18.79224396,0.28517592,13.01700306,5.641907215,13.15192223,17.42642784,0,,9,1,50,0,1,periodically,1,,,,1,,5.641907215,11.53846,34.39716339,3.900709391,45.03546143,0,1,1
114296,336,Womble Carlyle,Winston-Salem,South,2005,238000000,1,11610,505,107,23,21,100,87,505,149,120,269,470000,168,76500000,515000,385000,27500000,1.100000024,205000,48.77999878,,,3.390000105,32,528,188,148,40,40,8,11,1,20,3,3,1,,,528,0,3,1,0,4.79583168,1,0,0,0.075757578,0.280303031,0.064393938,19.28778076,0.275240958,13.15192223,6.224558353,13.06048775,18.15280151,0,,9,1,100,1,1,monthly,1,0,,,1,,6.224558353,2.14592,37.22772217,7.920792103,46.73267365,1,1,0
114259,353,Buchalter Nemer,Los Angeles,West,2005,95000000,199,417,147,4,3,3,100,199,147,53,13,66,645000,90,31500000,595000,525000,3000000,0.920000017,235000,42.54999924,,,2.769999981,33,,56,41,15,,,,,,,,,,,,,,,,1.732050776,0,0,1,,,,18.36938667,,13.2963171,4.990432739,13.37700558,17.26549721,0,,,,,,,,,,,,,,4.990432739,,38.09523773,,55.10203934,0,0,0
114116,476,Lindquist & Vennum,Minneapolis,Midwest,2005,99000000,191,9538,178,168,54,95,100,191,178,111,20,131,555000,130,57500000,515000,470000,4500000,0.930000007,345000,28.98999977,,,1.600000024,58,182,44,29,15,7,4,2,1,2,2,0,0,,,182,0,2,0,0,7.348469257,0,1,0,0.082417585,0.159340665,0.021978023,18.41063118,0.287084639,13.15192223,5.181783676,13.22672367,17.86729622,0,,,,,,,,,,,,,,5.181783676,,24.71910095,3.932584524,26.40449333,0,0,0
114155,499,O'Melveny & Myers,Los Angeles,West,2005,808000000,1,50584,977,345,56,38,93,15,977,218,22,240,825000,31,352000000,1615000,1515000,12000000,1.960000038,375000,26.67000008,,,4.480000019,44,961,357,322,35,169,19,88,12,25,3,36,4,,,905,56,8,1,0,7.483314991,0,0,1,0.036420394,0.33506763,0.155046821,20.51007271,0.190841272,14.29484558,6.884486675,13.62313843,19.679142,0,,13,1,100,1,1,as needed,1,1,0,,1,,6.884486675,15.92539,36.54043198,17.29784966,75.43500519,1,1,0
114258,512,Ogletree Deakins,Greenville South Carolina,South,2005,119000000,173,1021,273,10,4,4,100,173,273,90,66,156,435000,184,39000000,430000,335000,13500000,0.99000001,190000,52.63000107,,,3.029999971,33,298,93,68,25,34,11,5,2,13,7,5,1,,,298,0,6,0,1,2,1,0,0,0.083892621,0.228187919,0.077181205,18.5946331,0.289642215,12.97154045,5.609471798,12.98310089,17.47907257,0,,,,,,,,,,,,,,5.609471798,31.49171,34.06593323,12.45421219,42.8571434,0,0,0
114162,1728,Cozen O'Connor,Philadelphia,Northeast,2005,220500000,1,15610,482,248,33,52,98,99,482,127,95,222,460000,175,59500000,470000,370000,22000000,1.019999981,170000,58.81999969,,,3.789999962,27,507,153,119,34,37,8,11,0,9,5,9,3,,,495,12,4,0,0,5.744562626,0,0,0,0.067061141,0.234714001,0.05719921,19.21140862,0.258961648,13.06048775,6.177944183,13.03898144,17.90148735,0,,2,1,20,0,0,na,1,,,,,hours are not taken into account,6.177944183,7.29927,31.74274063,7.676348686,53.94190979,1,0,1
114297,1739,Fitzpatrick Cella,New York,Northeast,2005,97000000,194,2136,138,10,16,7,100,194,138,54,0,54,705000,73,36000000,670000,670000,0,0.949999988,260000,38.45999908,,,2.559999943,37,,31,25,6,,,,,,,,,,,,,,,,4,0,0,0,,,,18.39022064,,13.41503334,4.927253723,13.46595287,17.39902878,1,,,,,,,,,,,,,,4.927253723,,22.46376801,,60.86956406,0,0,1
114301,1750,Gordon & Rees,San Francisco,West,2005,116500000,176,240,243,4,1,2,100,176,243,22,44,66,480000,164,11500000,525000,350000,11500000,1.090000033,95000,105.2600021,,,11.05000019,10,261,97,77,20,29,11,11,4,5,1,2,4,,,261,0,10,1,1,1,0,0,1,0.07662835,0.29501915,0.068965517,18.5734024,0.276818275,13.17115307,5.493061543,13.08154106,16.25785828,0,,,,,,,,,,,,,,5.493061543,24.59893,39.91769409,11.93415642,72.83950806,0,0,0
114300,1774,Jeffer Mangels,Los Angeles,West,2005,106000000,181,523,165,6,3,4,100,181,165,40,39,79,640000,93,58500000,1460000,955000,17000000,2.279999971,455000,21.97999954,,,4.130000114,55,,39,28,11,,,,,,,,,,,,,,,,1.732050776,0,0,1,,,,18.4789505,,14.19394684,5.105945587,13.36922359,17.88453674,0,,,,,,,,,,,,,,5.105945587,2.91262,23.63636398,,52.12120819,0,0,0
114261,1781,Knobbe Martens,Irvine California,West,2005,99000000,191,292,179,3,2,2,100,191,179,80,0,80,555000,130,41500000,520000,520000,0,0.939999998,230000,43.47999954,,,2.24000001,42,,,,,,,,,,,,,,,,,,,,1.414213538,0,0,1,,,,18.41063118,,13.1615839,5.187386036,13.22672367,17.54120445,0,,,,,,,,,,,,,,5.187386036,5.31915,,,55.30726242,0,0,0
114217,1830,Quinn Emanuel Urquhart Oliver and Hedges,Los Angeles,West,2005,193500000,109,5900,244,48,24,20,100,109,244,61,13,74,795000,38,116500000,1905000,1650000,6000000,2.400000095,500000,20,,,4,60,262,94,82,12,48,19,30,2,3,3,5,2,,,260,2,13,2,1,4.898979664,0,0,1,0.045801528,0.312977105,0.145038173,19.08078766,0.214012921,14.45999241,5.497168064,13.58609772,18.5734024,0,,4,1,.,0,0,na,0,1,0,,1,,5.497168064,20.9375,38.52458954,19.67213058,69.6721344,0,1,0
114299,1849,Stevens & Lee,Reading Pennsylvania,Midwest,2005,102000000,187,991,167,10,6,6,100,187,167,103,5,108,610000,99,67000000,655000,635000,1000000,1.070000052,405000,24.69000053,,,1.629999995,66,176,33,25,8,7,4,3,0,0,1,1,1,,,176,0,3,1,0,2.449489832,0,1,0,0.045454547,0.142045453,0.022727273,18.44048309,0.213200718,13.39239025,5.117993832,13.32121468,18.02020264,0,,,,,,,,,,,,,,5.117993832,12.70718,19.76047897,4.191617012,35.32934189,0,0,0
114173,2082,Davis Wright Tremaine,Seattle,West,2005,,115,17594,385,135,46,35,99,,385,,,,,,,,,,,,,,,,,,,,,,,,,,,,,,,,,,,,6.782330036,0,0,1,,,,,,,5.953243256,,,0,,9,1,100,1,1,Quarterly,1,1,0,,1,,5.953243256,,,,,0,1,0
114303,2449,McKee Nelson,Washington D.C.,Northeast,2005,152000000,139,0,130,0,0,0,100,139,130,46,0,46,1170000,4,72000000,1565000,1565000,0,1.340000033,555000,18.02000046,,,2.829999924,47,,,,,,,,,,,,,,,,,,,,,0,0,0,,,,18.83939171,,14.26339626,4.867534637,13.97251415,18.09217644,0,,2,1,.,0,1,quarterly,1,1,1,100,1,while no time for the coordinator mentioned it's part time,4.867534637,32.17391,,,64.61538696,0,1,1
114216,2598,Boies Schiller and Flexner,Armonk New York,Northeast,2005,200000000,104,6200,210,31,30,15,100,104,210,26,50,76,950000,15,73000000,2800000,1355000,30000000,2.950000048,490000,20.40999985,,,8.079999924,37,204,63,50,13,30,15,4,2,11,0,9,4,,,204,0,8,0,0,5.47722578,0,0,0,0.063725494,0.24509804,0.117647059,19.11382866,0.252439082,14.84512997,5.34710741,13.76421738,18.10597038,0,,12,1,50,0,1,Quarterly,1,1,0,,1,,5.34710741,25,30.00000191,14.2857151,63.80952454,0,1,1
114239,2868,Kasowitz Benson,New York,Northeast,2005,117500000,175,2233,157,22,14,14,100,175,157,36,18,54,750000,52,54000000,1505000,1105000,5500000,2.00999999,380000,26.31999969,,,4.360000134,46,,53,46,7,,,,,,,,,,,,,,,,3.741657495,0,0,0,,,,18.58194923,,14.22430325,5.056245804,13.52782822,17.80449486,1,,,,,,,,,,,,,,5.056245804,10.32864,33.75796127,,65.60509491,0,0,1
114228,3294,Fragomen Del Rey,New York,Northeast,2005,130000000,158,1000,154,40,7,26,99,158,154,22,10,32,845000,28,27000000,1225000,985000,4500000,1.450000048,205000,48.77999878,,,7,21,,,,,,,,,,,,,,,,,,,,2.645751238,0,0,0,,,,18.68304443,,14.01845169,5.036952496,13.64709187,17.1113472,1,,,,,,,,,,,,,,5.036952496,9.2437,,,79.22077942,0,0,1
114263,3541,Allen Matkins,Los Angeles,West,2005,128500000,160,0,193,0,0,0,100,160,193,93,0,93,665000,85,63000000,675000,675000,0,1.019999981,325000,30.77000046,,,2.079999924,49,213,68,53,15,17,12,4,1,4,2,5,1,,,213,0,3,0,0,,0,0,1,0.070422538,0.248826295,0.061032865,18.67144012,0.265372455,13.42246819,5.262690067,13.40754223,17.95864487,0,,,,,,,,,,,,,,5.262690067,13.21586,35.23316193,8.808290482,51.81347275,0,0,0
114197,5920,Brown Rudnick,Boston,Northeast,2005,127000000,163,4435,178,64,26,38,94,163,178,55,44,99,715000,66,47500000,860000,615000,13500000,1.200000048,345000,28.98999977,,,3.220000029,37,194,54,39,15,11,6,3,2,4,0,1,1,,,186,8,3,0,0,5.099019527,0,0,0,0.077319585,0.201030925,0.041237112,18.65969849,0.278063983,13.66468811,5.181783676,13.48003769,17.67624092,0,,7,1,50,0,1,Monthly,1,1,,,1,,5.181783676,14.93213,30.33707809,6.179775238,44.38202286,0,1,1
